id,sequence,gc_content,motifs_repetes,longueur,cluster
seq1,AGCAAACGCGTTTGGGATTTTCTATACCGTTTCGCCTGCCATGTGCCCTTACATTGTGTATCAAATCTCGAAAACAAGCGCGCAGTGCGGTTCAATGTCAAAAA,45.19230769230769,"{'AGC': 2, 'GCA': 2, 'CAA': 5, 'AAA': 7, 'AAC': 2, 'CGC': 4, 'GCG': 4, 'CGT': 2, 'GTT': 3, 'TTT': 4, 'TTG': 2, 'ATT': 2, 'TTC': 3, 'TCT': 2, 'TAT': 2, 'TAC': 2, 'TCG': 2, 'GCC': 3, 'CCT': 2, 'TGC': 3, 'CAT': 2, 'ATG': 2, 'TGT': 4, 'GTG': 3, 'ACA': 2, 'ATC': 2, 'TCA': 3, 'AAT': 2}",104,2
seq2,AGGTTAACATCACGAGGCAAGGTGATACGTTCTAATCCCCTTCTCGCCACACATGTCATCTCGAGAATATTGCCATTTGTCAGTTCCCCAGACAATAGAACGCCAGGGCTCCAGTCAGGAGGGTGTAATACGTGAGCGACGTGAATTGAACACACACCGCCGTGTCTATCGTTAGT,49.43181818181818,"{'AGG': 6, 'GGT': 3, 'GTT': 4, 'TTA': 2, 'TAA': 3, 'AAC': 3, 'ACA': 7, 'CAT': 4, 'ATC': 4, 'TCA': 4, 'CAC': 6, 'ACG': 5, 'CGA': 3, 'GAG': 4, 'GGC': 2, 'CAA': 2, 'GTG': 5, 'TGA': 4, 'ATA': 4, 'TAC': 2, 'CGT': 5, 'TTC': 3, 'TCT': 4, 'CTA': 2, 'AAT': 5, 'TCC': 3, 'CCC': 4, 'CTC': 3, 'TCG': 3, 'CGC': 3, 'GCC': 4, 'CCA': 5, 'TGT': 4, 'GTC': 4, 'AGA': 3, 'GAA': 4, 'TAT': 2, 'ATT': 3, 'TTG': 3, 'CAG': 5, 'AGT': 3, 'GAC': 2, 'TAG': 2, 'GGG': 2, 'CCG': 2}",176,0
seq3,GATCACCATCGGGCTCATCGGAGGGTTAATTCCTAACTACTCGCTCAAACGAACTACCGTTGCCATAAAGCGGATGT,49.35064935064935,"{'GAT': 2, 'ATC': 3, 'TCA': 3, 'ACC': 2, 'CCA': 2, 'CAT': 3, 'TCG': 3, 'CGG': 3, 'GGG': 2, 'GCT': 2, 'CTC': 3, 'GGA': 2, 'GTT': 2, 'TAA': 3, 'CTA': 3, 'AAC': 3, 'ACT': 3, 'TAC': 2, 'AAA': 2}",77,1
seq4,GTTCTGACCTCGAGAGTCTCTCATAAGTCCGACTACGACTTCAAATGAAACAGCCCCAGCCTACGTACAACCGGGGGGGCGGCAATTGGCGACCTCA,55.670103092783506,"{'TTC': 2, 'TCT': 3, 'TGA': 2, 'GAC': 4, 'ACC': 3, 'CCT': 3, 'CTC': 4, 'CGA': 4, 'GAG': 2, 'AGT': 2, 'GTC': 2, 'TCA': 3, 'CCG': 2, 'ACT': 2, 'CTA': 2, 'TAC': 3, 'ACG': 2, 'CAA': 3, 'AAA': 2, 'AAT': 2, 'AAC': 2, 'ACA': 2, 'CAG': 2, 'AGC': 2, 'GCC': 2, 'CCC': 2, 'CGG': 2, 'GGG': 5, 'GGC': 3, 'GCG': 2}",97,2
seq5,GTGGCCATCCTCTCGCAGAACCCCCCAAGGGGCGTACTGGGCCATTGGGAGCTACTTTCTCGTTACCGAGTCACCTAAGGATATACTGGTCAGCCGTTACCCGCAGATTGCCTCTCTTGGCCAAATCGGGTCGCTTCCTTGC,57.74647887323944,"{'TGG': 5, 'GGC': 4, 'GCC': 5, 'CCA': 4, 'CAT': 2, 'ATC': 2, 'TCC': 2, 'CCT': 4, 'CTC': 5, 'TCT': 4, 'TCG': 4, 'CGC': 3, 'GCA': 2, 'CAG': 3, 'AGA': 2, 'ACC': 4, 'CCC': 5, 'CAA': 2, 'AAG': 2, 'AGG': 2, 'GGG': 5, 'CGT': 3, 'TAC': 5, 'ACT': 3, 'CTG': 2, 'ATT': 2, 'TTG': 4, 'GGA': 2, 'GAG': 2, 'AGC': 2, 'GCT': 2, 'CTA': 2, 'CTT': 4, 'TTC': 2, 'GTT': 2, 'TTA': 2, 'CCG': 3, 'GTC': 3, 'TCA': 2, 'GAT': 2, 'ATA': 2, 'GGT': 2, 'TGC': 2}",142,2
seq6,GACACAGAGTTGGGTTTGATGCGTCAACTACGGTAGTAAGCGGAAATTCACAGTATTTGTACTAGC,43.93939393939394,"{'ACA': 3, 'CAC': 2, 'CAG': 2, 'AGT': 3, 'GTT': 2, 'TTG': 3, 'GGT': 2, 'TTT': 2, 'GCG': 2, 'TCA': 2, 'ACT': 2, 'CTA': 2, 'TAC': 2, 'CGG': 2, 'GTA': 4, 'TAG': 2, 'AGC': 2, 'ATT': 2}",66,1
seq7,GGTTATGCTCTCGTACTAAGACCTATCTGCGATCTTAGTGTTATACTACACTGACGTG,43.103448275862064,"{'GTT': 2, 'TTA': 3, 'TAT': 3, 'TGC': 2, 'CTC': 2, 'TCT': 3, 'CGT': 2, 'TAC': 3, 'ACT': 3, 'CTA': 3, 'GAC': 2, 'ATC': 2, 'CTG': 2, 'GTG': 2}",58,1
seq8,CCGACTCAGTGCTCTCGATCCTCTTAAGTCTGATGGGCTTATACTAATCTCGGCTTACTGAGGGTCCCGCTACCCTGTACGGGCAAGCACTAATCAAGGGTCCCCGCATTTCGGTGCCCTACACT,54.400000000000006,"{'CCG': 3, 'CGA': 2, 'ACT': 5, 'CTC': 5, 'TCA': 2, 'AGT': 2, 'GTG': 2, 'TGC': 2, 'GCT': 4, 'TCT': 4, 'TCG': 3, 'GAT': 2, 'ATC': 3, 'TCC': 3, 'CCT': 3, 'CTT': 3, 'TTA': 3, 'TAA': 3, 'AAG': 3, 'GTC': 3, 'CTG': 3, 'TGA': 2, 'GGG': 4, 'GGC': 3, 'TAC': 5, 'CTA': 4, 'AAT': 2, 'CGG': 3, 'AGG': 2, 'GGT': 3, 'CCC': 5, 'CGC': 2, 'GCA': 3, 'CAA': 2, 'CAC': 2}",125,2
seq9,GGCTTGTGGTAACGAAGAAAATGTCCTGCGTGGCGGCCGTTGGTAACACTTTAAGACTGGA,50.81967213114754,"{'GGC': 3, 'CTT': 2, 'TTG': 2, 'TGT': 2, 'GTG': 2, 'TGG': 4, 'GGT': 2, 'GTA': 2, 'TAA': 3, 'AAC': 2, 'GAA': 2, 'AAG': 2, 'AGA': 2, 'AAA': 2, 'CTG': 2, 'GCG': 2, 'CGT': 2, 'ACT': 2}",61,1
seq10,TGGCATTCCGTCCTCACGCCTGTCACTGCAGTAATAAACATCAGAGCCTACCTCTTTGCGGTTAATGCGGACGCCAGCCCGGCAGGTCACATTTCTTTTAGTAGAATAAGCTCCTATGCGCGTAAGGTGAGGTTCTTCCAACACAGATGTCACGGCTTAGGCCTCATGA,50.887573964497044,"{'GGC': 4, 'GCA': 3, 'CAT': 4, 'ATT': 2, 'TTC': 4, 'TCC': 4, 'CCG': 2, 'CGT': 2, 'GTC': 4, 'CCT': 6, 'CTC': 4, 'TCA': 6, 'CAC': 5, 'ACG': 3, 'CGC': 3, 'GCC': 5, 'CTG': 2, 'TGT': 2, 'TGC': 4, 'CAG': 5, 'AGT': 2, 'GTA': 3, 'TAA': 5, 'AAT': 3, 'ATA': 2, 'AAC': 2, 'ACA': 4, 'AGA': 3, 'GAG': 2, 'AGC': 3, 'CTA': 2, 'TCT': 3, 'CTT': 4, 'TTT': 4, 'GCG': 4, 'CGG': 4, 'GGT': 4, 'GTT': 2, 'TTA': 3, 'ATG': 4, 'CCA': 2, 'AGG': 4, 'TAG': 3, 'AAG': 2, 'GCT': 2, 'TGA': 2}",169,0
seq11,GAGGAAGACATGGGCAGGTGCTAATACCCTCCGGATTCATGAATAAACGTACGCGCTGCGTAGCCTTAAGTCAGGTG,51.94805194805194,"{'AGG': 3, 'GGA': 2, 'GAA': 2, 'AAG': 2, 'CAT': 2, 'ATG': 2, 'CAG': 2, 'GGT': 2, 'GTG': 2, 'TGC': 2, 'GCT': 2, 'TAA': 3, 'AAT': 2, 'ATA': 2, 'TAC': 2, 'CCT': 2, 'TCA': 2, 'ACG': 2, 'CGT': 2, 'GTA': 2, 'CGC': 2, 'GCG': 2}",77,1
seq12,GCGGGGGCATAATGCACACCGTCACATGGGAAGCTATCATCGCTCCCATTATCCAGTTAATTAATGGGATACGTCGTTTGGTCCCAGATCGAACCGGTATGG,50.98039215686274,"{'CGG': 2, 'GGG': 5, 'GCA': 2, 'CAT': 4, 'ATA': 2, 'TAA': 3, 'AAT': 3, 'ATG': 4, 'CAC': 3, 'ACA': 2, 'ACC': 2, 'CCG': 2, 'CGT': 3, 'GTC': 3, 'TCA': 2, 'TGG': 4, 'GGA': 2, 'GAA': 2, 'GCT': 2, 'TAT': 3, 'ATC': 4, 'TCG': 3, 'TCC': 3, 'CCC': 2, 'CCA': 3, 'ATT': 2, 'TTA': 3, 'CAG': 2, 'GTT': 2, 'GAT': 2, 'GGT': 2}",102,2
seq13,GTCGGTTGCTCGGTGGCCCCCTTCTGAGTCCACGTGATATATGCCCCCAGTCCATGCTTGTATCGTACTATAGCTGTGTATCAA,52.38095238095239,"{'GTC': 3, 'TCG': 3, 'CGG': 2, 'GGT': 2, 'TTG': 2, 'TGC': 3, 'GCT': 3, 'GTG': 3, 'GCC': 2, 'CCC': 6, 'CTT': 2, 'CTG': 2, 'TGA': 2, 'AGT': 2, 'TCC': 2, 'CCA': 3, 'CGT': 2, 'ATA': 3, 'TAT': 5, 'ATG': 2, 'TGT': 3, 'GTA': 3, 'ATC': 2}",84,1
seq14,TGCACTAAAACCGAAAACCAAACAAGTCGCTAAGTAACTGAAGTCGGTGACCAAGAGGCTAGCCTGTTGGGATATATAAGTTGGTCATTGGCGATAAAGTTAAGTTCTGCGAACTTTCAGGATAACCCTGATACTTTCGCCCGGGCTGGCACCTTT,45.51282051282051,"{'TGC': 2, 'GCA': 2, 'CAC': 2, 'ACT': 4, 'CTA': 3, 'TAA': 7, 'AAA': 6, 'AAC': 6, 'ACC': 5, 'CCG': 2, 'CGA': 3, 'GAA': 3, 'CCA': 2, 'CAA': 3, 'AAG': 7, 'AGT': 6, 'GTC': 3, 'TCG': 3, 'CGC': 2, 'GCT': 3, 'CTG': 5, 'TGA': 3, 'CGG': 2, 'GGT': 2, 'AGG': 2, 'GGC': 4, 'GCC': 2, 'CCT': 3, 'GTT': 4, 'TTG': 3, 'TGG': 4, 'GGG': 2, 'GGA': 2, 'GAT': 4, 'ATA': 6, 'TAT': 2, 'TCA': 2, 'GCG': 2, 'TTC': 3, 'CTT': 3, 'TTT': 3, 'CCC': 2}",156,0
seq15,CATGTCCTGCTCAGTTCCATAACGGCTGCTTAAAGGGTCCAGGATTGAGCGTGTCCAACATGATGTCGTACGATTGTCGCTTCACCCGTTGGGACGTCTCCAGTCCTATGTATTGTCCGACGAAGTTTGTTTGTCTAACGGGCGAGCCAATTTATGGCT,50.314465408805034,"{'CAT': 3, 'ATG': 5, 'TGT': 8, 'GTC': 9, 'TCC': 7, 'CCT': 2, 'CTG': 2, 'TGC': 2, 'GCT': 5, 'CTC': 2, 'TCA': 2, 'CAG': 3, 'AGT': 3, 'GTT': 4, 'TTC': 2, 'CCA': 5, 'TAA': 3, 'AAC': 3, 'ACG': 5, 'CGG': 2, 'GGC': 3, 'CTT': 2, 'TTA': 2, 'AAG': 2, 'AGG': 2, 'GGG': 3, 'GGA': 2, 'GAT': 3, 'ATT': 4, 'TTG': 6, 'TGA': 2, 'GAG': 2, 'AGC': 2, 'GCG': 2, 'CGT': 4, 'CAA': 2, 'TCG': 2, 'GTA': 2, 'CGA': 4, 'CCG': 2, 'TGG': 2, 'GAC': 2, 'TCT': 2, 'CTA': 2, 'TAT': 3, 'TTT': 3}",159,0
seq16,ATTTCTGCAATGCACCAAATCCTAGAAACGTAATACAATATACAGGGTACGTTTAACTAAATTCCACGTGAATACGGTTTGCCGCATTCCATTGTGGATCGCATTACAATGTAATCGGGGAGCCCGGA,42.1875,"{'ATT': 5, 'TTT': 3, 'TTC': 3, 'TGC': 3, 'GCA': 4, 'CAA': 4, 'AAT': 8, 'ATG': 2, 'CAC': 2, 'CCA': 3, 'AAA': 3, 'ATC': 3, 'TCC': 3, 'CTA': 2, 'GAA': 2, 'AAC': 2, 'ACG': 4, 'CGT': 3, 'GTA': 3, 'TAA': 4, 'ATA': 4, 'TAC': 5, 'ACA': 3, 'GGG': 3, 'GGT': 2, 'GTT': 2, 'TTA': 2, 'GTG': 2, 'CGG': 3, 'TTG': 2, 'GCC': 2, 'CCG': 2, 'CGC': 2, 'CAT': 3, 'TGT': 2, 'GGA': 3, 'TCG': 2}",128,2
seq17,TGTGATCGCGTAGGGAGCCCAGAAAATCAGGCGGATAATTACTTTGTGATTG,46.15384615384615,"{'TGT': 2, 'GTG': 2, 'TGA': 2, 'GAT': 3, 'ATC': 2, 'GCG': 2, 'AGG': 2, 'GGA': 2, 'CAG': 2, 'AAA': 2, 'AAT': 2, 'ATT': 2, 'TTG': 2}",52,1
seq18,CTCGCGGCGAGAACGCCCTCATTAACCTCTATGATATTGATAAACCGGCTGCGCAGTATCTAGAGAAGGGTTTATGTATACCTTACCAGCCTCCTAGGGGGACTGCACACGGGCTCGCAGTCAGTCTCGGGTCCCAGCATGATCTAAGGGGCCGGCCCCCAATCC,56.36363636363636,"{'CTC': 6, 'TCG': 3, 'CGC': 4, 'GCG': 3, 'CGG': 5, 'GGC': 5, 'GAG': 2, 'AGA': 3, 'GAA': 2, 'AAC': 3, 'ACG': 2, 'GCC': 4, 'CCC': 5, 'CCT': 5, 'TCA': 2, 'CAT': 2, 'ATT': 2, 'TTA': 3, 'TAA': 3, 'ACC': 4, 'TCT': 4, 'CTA': 4, 'TAT': 5, 'ATG': 3, 'TGA': 3, 'GAT': 3, 'ATA': 3, 'CCG': 2, 'GCT': 2, 'CTG': 2, 'TGC': 2, 'GCA': 4, 'CAG': 5, 'AGT': 3, 'GTA': 2, 'ATC': 3, 'TAG': 2, 'AAG': 2, 'AGG': 3, 'GGG': 8, 'GGT': 2, 'TAC': 2, 'CCA': 3, 'AGC': 2, 'TCC': 3, 'CAC': 2, 'GTC': 3}",165,0
seq19,TATGCACTGCTCGGCACAATAGACCCGGCTAGGCGCATCAGAAACGGCAACGGGATTTCAGGAGCCAGTACTGAGTTGGCCATTTAATCACCCACCATCCGACACATGACCCTGCGTGCA,55.00000000000001,"{'ATG': 2, 'TGC': 4, 'GCA': 5, 'CAC': 5, 'ACT': 2, 'CTG': 3, 'GCT': 2, 'CGG': 4, 'GGC': 5, 'ACA': 3, 'CAA': 2, 'AAT': 2, 'TAG': 2, 'AGA': 2, 'GAC': 3, 'ACC': 4, 'CCC': 3, 'CCG': 2, 'AGG': 2, 'GCG': 2, 'CAT': 4, 'ATC': 3, 'TCA': 3, 'CAG': 3, 'AAC': 2, 'ACG': 2, 'GGA': 2, 'ATT': 2, 'TTT': 2, 'GAG': 2, 'GCC': 2, 'CCA': 4, 'AGT': 2, 'TGA': 2}",120,2
seq20,GACTCACCTCAGCATTCCTTCTCTCGCCCACAAAGAGCACGAGTGAAGGGCGATCCGGCAATGGTTACCCCAACCTATCCACTCCTCTCTTGCTCACCCACCGTGCTGCTAATCTGCCAAGGTGACACGGAGCCTTTTTGTGCTGCCA,56.08108108108109,"{'GAC': 2, 'ACT': 2, 'CTC': 8, 'TCA': 3, 'CAC': 7, 'ACC': 5, 'CCT': 5, 'AGC': 3, 'GCA': 3, 'TTC': 2, 'TCC': 4, 'CTT': 3, 'TCT': 5, 'GCC': 4, 'CCC': 4, 'CCA': 6, 'ACA': 2, 'CAA': 4, 'AAG': 3, 'GAG': 3, 'ACG': 2, 'CGA': 2, 'GTG': 4, 'TGA': 2, 'AGG': 2, 'GGC': 2, 'ATC': 3, 'CCG': 2, 'CGG': 2, 'AAT': 2, 'GGT': 2, 'CTA': 2, 'TTG': 2, 'TGC': 6, 'GCT': 4, 'CTG': 3, 'TTT': 3}",148,0
seq21,TAACGACCAAGTACCATAATCCGTTGGGATTAGGTCCAGGGATAGGTTGGGGTCCATAACCCCGTACCCTT,50.70422535211267,"{'TAA': 3, 'AAC': 2, 'ACC': 4, 'CCA': 4, 'GTA': 2, 'TAC': 2, 'CAT': 2, 'ATA': 3, 'TCC': 3, 'CCG': 2, 'CGT': 2, 'GTT': 2, 'TTG': 2, 'TGG': 2, 'GGG': 4, 'GGA': 2, 'GAT': 2, 'TAG': 2, 'AGG': 3, 'GGT': 3, 'GTC': 2, 'CCC': 3}",71,1
seq22,TCGTAAGACTCTTCATAGTGCATTTTATATAATCCTCGAGGGCATATGTATGCGACGATCTCCGTGCACTAGACGGACCTAAAGCATGAGGTAGAAACGCTGCAGTAAAAACGGTCCTACCGCAAACCCTCCTCACGATCCACAGGTCCGAAGTACGGCACTGCGGTTCAGACTGCATGG,50.0,"{'TCG': 2, 'CGT': 2, 'GTA': 5, 'TAA': 4, 'AAG': 3, 'AGA': 4, 'GAC': 5, 'ACT': 4, 'CTC': 5, 'TCT': 2, 'TTC': 2, 'TCA': 3, 'CAT': 5, 'ATA': 4, 'TAG': 3, 'AGT': 3, 'GTG': 2, 'TGC': 6, 'GCA': 8, 'TTT': 2, 'TAT': 4, 'ATC': 3, 'TCC': 6, 'CCT': 5, 'CGA': 5, 'GAG': 2, 'AGG': 3, 'GGC': 2, 'ATG': 4, 'GCG': 2, 'ACG': 6, 'GAT': 2, 'CCG': 3, 'CAC': 4, 'CTA': 3, 'CGG': 4, 'ACC': 3, 'AAA': 6, 'GGT': 4, 'GAA': 2, 'AAC': 3, 'CGC': 2, 'CTG': 3, 'CAG': 3, 'GTC': 2, 'TAC': 2}",180,0
seq23,GGCCTAATCGCCGACACGGCTTGGCTCATAACAGTGGCTCGGTATGCCCAATCCGCAAGGCCTGTCTAAATCTTATCGTTAGTACCGATGGTAGGACCCTCGGACATTCAGATATTTTCTATCACTCTCTCACAAATGAGCCAATTGGTCCTTCTC,49.358974358974365,"{'GGC': 5, 'GCC': 5, 'CCT': 4, 'CTA': 3, 'TAA': 3, 'AAT': 5, 'ATC': 5, 'TCG': 4, 'CGC': 2, 'CCG': 3, 'CGA': 2, 'GAC': 3, 'ACA': 4, 'CAC': 3, 'CGG': 3, 'GCT': 3, 'CTT': 3, 'TTG': 2, 'TGG': 4, 'CTC': 7, 'TCA': 4, 'CAT': 2, 'ATA': 2, 'CAG': 2, 'AGT': 2, 'GGT': 3, 'GTA': 3, 'TAT': 4, 'ATG': 3, 'CCC': 2, 'CCA': 2, 'CAA': 4, 'TCC': 2, 'AGG': 2, 'GTC': 2, 'TCT': 6, 'AAA': 2, 'TTA': 2, 'TAG': 2, 'ACC': 2, 'GAT': 2, 'GGA': 2, 'ATT': 3, 'TTC': 3, 'TTT': 2}",156,0
seq24,CCACTTTAGGTGCGGTCTCCCCAGGAGCGACGCAACCGAATGGGCAAATTCACACGCAGAGGTCAGAAATATACTCAATGTCTGGCCCCTCTTGAGCAACAGTAATTGAAGTCGTGGGGTTTCAAGCCAGCTCCCCACGTTCAC,53.47222222222222,"{'CCA': 4, 'CAC': 5, 'ACT': 2, 'CTT': 2, 'TTT': 2, 'AGG': 3, 'GGT': 4, 'GTG': 2, 'GCG': 2, 'GTC': 4, 'TCT': 3, 'CTC': 4, 'TCC': 2, 'CCC': 6, 'CAG': 5, 'GAG': 3, 'AGC': 4, 'CGA': 2, 'ACG': 3, 'CGC': 2, 'GCA': 4, 'CAA': 5, 'AAC': 2, 'GAA': 3, 'AAT': 5, 'ATG': 2, 'TGG': 3, 'GGG': 3, 'GGC': 2, 'AAA': 2, 'ATT': 2, 'TTC': 3, 'TCA': 5, 'ACA': 2, 'AGA': 2, 'ATA': 2, 'GCC': 2, 'TTG': 2, 'TGA': 2, 'AGT': 2, 'AAG': 2, 'CGT': 2, 'GTT': 2}",144,2
seq25,CGCGCATGTCGTAGCAACGGTATAGCCTTTCAGGGGGTCGAAGTGCGACTAGAGACGTTCGCACCCACCTATATAGTCCCGAAGCCAGATCCGCATTTGAAATGCACAACATGTGTAGACTAAGCAGAGTGTGGTTTCCCGCTAATTCGAAAAGATTCGGTAAGCGAAAGGCTTAAAC,49.43820224719101,"{'CGC': 5, 'GCG': 3, 'GCA': 6, 'CAT': 3, 'ATG': 3, 'TGT': 4, 'GTC': 3, 'TCG': 5, 'CGT': 2, 'GTA': 4, 'TAG': 5, 'AGC': 5, 'CAA': 2, 'AAC': 3, 'ACG': 2, 'CGG': 2, 'GGT': 4, 'TAT': 3, 'ATA': 3, 'GCC': 2, 'CCT': 2, 'CTT': 2, 'TTT': 3, 'TTC': 5, 'CAG': 3, 'AGG': 2, 'GGG': 3, 'CGA': 5, 'GAA': 5, 'AAG': 6, 'AGT': 3, 'GTG': 4, 'TGC': 2, 'GAC': 3, 'ACT': 2, 'CTA': 4, 'AGA': 6, 'GAG': 2, 'GTT': 2, 'CAC': 3, 'ACC': 2, 'CCC': 3, 'CCA': 2, 'TCC': 3, 'CCG': 3, 'GAT': 2, 'ATT': 3, 'AAA': 5, 'AAT': 2, 'ACA': 2, 'TAA': 4, 'GCT': 2}",178,0
seq26,GGGCAAGATGCCAAATCATCCTACCTGTAGGCAACTTCGATATTGACTTCGAACATTGTGATAAGCAGTTGTAACAG,42.857142857142854,"{'GGC': 2, 'GCA': 3, 'CAA': 3, 'AAG': 2, 'GAT': 3, 'ATC': 2, 'CAT': 2, 'CCT': 2, 'TGT': 3, 'GTA': 2, 'AAC': 3, 'ACT': 2, 'CTT': 2, 'TTC': 2, 'TCG': 2, 'CGA': 2, 'ATA': 2, 'ATT': 2, 'TTG': 3, 'TGA': 2, 'ACA': 2, 'TAA': 2, 'CAG': 2}",77,1
seq27,CAGAGTAGGCGTTATCGCTGATGAATGAAAAGCGGCGCCCGGAGACCTAAAGCATCTGCAACGGATCCGCGCATGCGCCGTTTAGCACTGTCACAGACAACCTCTTAATGGTTTCGAAGTGGGAGAAGCCCACAATTACAGGCATCCCTGCGGTCTTGCGAAGG,54.268292682926834,"{'CAG': 3, 'AGA': 4, 'GAG': 3, 'AGT': 2, 'TAG': 2, 'AGG': 3, 'GGC': 3, 'GCG': 7, 'CGT': 2, 'GTT': 3, 'TTA': 4, 'ATC': 4, 'TCG': 2, 'CGC': 5, 'CTG': 4, 'TGA': 3, 'GAT': 2, 'ATG': 4, 'GAA': 5, 'AAT': 3, 'AAA': 3, 'AAG': 5, 'AGC': 4, 'CGG': 4, 'GCC': 3, 'CCC': 3, 'CCG': 3, 'GGA': 3, 'GAC': 2, 'ACC': 2, 'CCT': 3, 'TAA': 2, 'GCA': 5, 'CAT': 3, 'TCT': 3, 'TGC': 4, 'CAA': 3, 'AAC': 2, 'TCC': 2, 'TTT': 2, 'CAC': 3, 'GTC': 2, 'ACA': 4, 'CTT': 2, 'TGG': 2, 'GGT': 2, 'CGA': 2}",164,0
seq28,CTGTCGCAGGTTCTGGCACAGCTGGAGACCCTGCCCTCGGATGATGACATTGCCAGACACGT,59.67741935483871,"{'CTG': 4, 'TCG': 2, 'GCA': 2, 'CAG': 3, 'TGG': 2, 'CAC': 2, 'ACA': 3, 'GGA': 2, 'AGA': 2, 'GAC': 3, 'CCC': 2, 'CCT': 2, 'TGC': 2, 'GCC': 2, 'GAT': 2, 'ATG': 2, 'TGA': 2}",62,1
seq29,CGCGCCTAGCTCTTCGGTGAGTGTTCAGAAGGACCAGCCCCATTTACCCGTACAAT,55.35714285714286,"{'CGC': 2, 'GCC': 2, 'AGC': 2, 'TTC': 2, 'GTG': 2, 'CAG': 2, 'ACC': 2, 'CCA': 2, 'CCC': 3, 'TAC': 2}",56,1
seq30,TAGTGGGGGTACGGGTCGCAACAACCCGATTAGGTTATGGTCAGTGGTTTCTGAGGTACGATAACATAGTTAGTGAGGACTGTGTCAGGTTTATGTGACGACTAGAAGCAC,47.74774774774775,"{'TAG': 5, 'AGT': 4, 'GTG': 5, 'TGG': 3, 'GGG': 4, 'GGT': 7, 'GTA': 2, 'TAC': 2, 'ACG': 3, 'GTC': 3, 'GCA': 2, 'CAA': 2, 'AAC': 3, 'ACA': 2, 'CGA': 3, 'GAT': 2, 'TTA': 4, 'AGG': 4, 'GTT': 4, 'TAT': 2, 'ATG': 2, 'TCA': 2, 'CAG': 2, 'TTT': 2, 'CTG': 2, 'TGA': 3, 'GAG': 2, 'ATA': 2, 'GAC': 3, 'ACT': 2, 'TGT': 3}",111,2
seq31,AACTATTGCAAGGAGATAGACTTGAACAGACTACTTTGGGCTGGCTCTACGGCAGTACCTGGTGATGGCGTGGCCCAGCCCAAGATATGATGCATTAAAGCTCGGTCGAGAATATTCGGTGGCATAAGATCGCAGTGGTTGAGTCCATTAGAACCATGACATACGCGATGGCCCAGGATAACACCGGAGG,50.526315789473685,"{'AAC': 4, 'ACT': 4, 'CTA': 3, 'TAT': 3, 'ATT': 4, 'TTG': 4, 'TGC': 2, 'GCA': 5, 'CAA': 2, 'AAG': 4, 'AGG': 3, 'GGA': 3, 'GAG': 4, 'AGA': 7, 'GAT': 7, 'ATA': 6, 'TAG': 2, 'GAC': 3, 'CTT': 2, 'TGA': 5, 'GAA': 3, 'ACA': 3, 'CAG': 5, 'TAC': 4, 'TGG': 8, 'GGC': 7, 'GCT': 3, 'CTG': 2, 'CTC': 2, 'ACG': 2, 'CGG': 4, 'AGT': 3, 'ACC': 3, 'GGT': 4, 'GTG': 4, 'ATG': 5, 'GCG': 2, 'GCC': 3, 'CCC': 3, 'CCA': 5, 'AGC': 2, 'CAT': 5, 'TTA': 2, 'TAA': 3, 'TCG': 4, 'GTC': 2, 'CGA': 2, 'CGC': 2}",190,0
seq32,CGAAATGGAGCGGGGGAGCGCCTAGACGATCTGACAACCGCTCTCTGCCCCCCGGGTCTGTGTCCAGTTAGATGCGGATACGCGACATCACTCAACTCACAGGGGACCGCATCGGATAGACCTCCGGAGTGGCGCTTGCGTGAATCACAACAATAATAAGCCCAAAGCGT,57.647058823529406,"{'CGA': 3, 'GAA': 2, 'AAA': 2, 'AAT': 4, 'ATG': 2, 'TGG': 2, 'GGA': 6, 'GAG': 3, 'AGC': 4, 'GCG': 7, 'CGG': 5, 'GGG': 6, 'CGC': 5, 'GCC': 3, 'CCT': 2, 'TAG': 3, 'AGA': 3, 'GAC': 5, 'ACG': 2, 'GAT': 4, 'ATC': 4, 'TCT': 4, 'CTG': 3, 'TGA': 2, 'ACA': 5, 'CAA': 5, 'AAC': 3, 'ACC': 3, 'CCG': 4, 'GCT': 2, 'CTC': 5, 'TGC': 3, 'CCC': 5, 'GTC': 2, 'TGT': 2, 'GTG': 3, 'TCC': 2, 'CCA': 2, 'CAG': 2, 'AGT': 2, 'ATA': 4, 'CAT': 2, 'TCA': 4, 'CAC': 3, 'ACT': 2, 'CGT': 2, 'TAA': 2, 'AAG': 2}",170,0
seq33,CTTCCCCCTTGCTCCGTCACGACGTGAGATGTCCTACTTTGCTGCTGAGAGGAAACTGAGTATGGCCCAGCTACGAATATCTC,53.01204819277109,"{'CTT': 3, 'TCC': 3, 'CCC': 4, 'CCT': 2, 'TTG': 2, 'TGC': 3, 'GCT': 4, 'CTC': 2, 'CGT': 2, 'GTC': 2, 'ACG': 3, 'CGA': 2, 'TGA': 3, 'GAG': 4, 'AGA': 2, 'ATG': 2, 'CTA': 2, 'TAC': 2, 'ACT': 2, 'CTG': 3, 'GAA': 2, 'TAT': 2}",83,1
seq34,CGTCAGCGACTCGGTGGCCAGAAATCGAGATTGAGCAGGGGGTAGTCTGATTGCAGTGTAATTGCAAAGTGGAGTGTGTGTCG,53.01204819277109,"{'GTC': 3, 'CAG': 4, 'AGC': 2, 'CGA': 2, 'TCG': 3, 'GGT': 2, 'GTG': 6, 'TGG': 2, 'AGA': 2, 'AAA': 2, 'AAT': 2, 'GAG': 3, 'GAT': 2, 'ATT': 3, 'TTG': 3, 'TGA': 2, 'GCA': 3, 'GGG': 3, 'GTA': 2, 'AGT': 4, 'TGC': 2, 'TGT': 4}",83,1
seq35,AATTATAGGCGAGTTTGCGCACGGGGTCTAGCTACATGATAGGTAGTTATCCCGGTGCGGATTAAAGTGAGGGGACGAACGTTGCCGAAGATTCCTATAGAGCGAGTGTGCGCTAGTGCTTTCTGCCCACGTCCTGTCATCGGCTCCAGTACTGGGTTG,52.83018867924528,"{'ATT': 3, 'TTA': 3, 'TAT': 3, 'ATA': 3, 'TAG': 6, 'AGG': 3, 'GGC': 2, 'GCG': 5, 'CGA': 4, 'GAG': 4, 'AGT': 6, 'GTT': 4, 'TTT': 2, 'TTG': 3, 'TGC': 6, 'CGC': 2, 'CAC': 2, 'ACG': 4, 'CGG': 4, 'GGG': 5, 'GGT': 4, 'GTC': 3, 'TCT': 2, 'CTA': 4, 'AGC': 2, 'GCT': 4, 'TAC': 2, 'CAT': 2, 'TGA': 2, 'GAT': 3, 'GTA': 2, 'ATC': 2, 'TCC': 4, 'CCC': 2, 'CCG': 2, 'GTG': 5, 'GGA': 2, 'AAG': 2, 'GAA': 2, 'CGT': 2, 'GCC': 2, 'AGA': 2, 'TTC': 2, 'CCT': 2, 'TGT': 2, 'CTG': 3, 'CCA': 2}",159,0
seq36,CTCCGGGGTACAAAGATTGTTAAGAGTAATCACAACCGATCCTGTGGGGTGCAAAGTTGCCCCCCCTTTACTCGGAAAAGGAAACCGCCGGTCGACGAGTTTACATGCCGACGTCCCTAGGCG,54.47154471544715,"{'CTC': 2, 'TCC': 3, 'CCG': 5, 'CGG': 3, 'GGG': 4, 'GGT': 3, 'GTA': 2, 'TAC': 3, 'ACA': 3, 'CAA': 3, 'AAA': 5, 'AAG': 4, 'AGA': 2, 'GAT': 2, 'TTG': 2, 'TGT': 2, 'GTT': 3, 'TTA': 3, 'TAA': 2, 'GAG': 2, 'AGT': 3, 'ATC': 2, 'AAC': 2, 'ACC': 2, 'CGA': 4, 'CCT': 3, 'GTG': 2, 'TGC': 3, 'GCC': 3, 'CCC': 6, 'TTT': 2, 'TCG': 2, 'GGA': 2, 'GAA': 2, 'AGG': 2, 'GTC': 2, 'GAC': 2, 'ACG': 2}",123,2
seq37,TCTATGCGGCGCTCTATTTCAACGGTTGCCGCGTCAAAAGTATTGCAGCCACCGAAGCGATGACGTCTATCTTGCCTGAAACTGACCTTGCGAACGGACTGCTG,52.88461538461539,"{'TCT': 4, 'CTA': 3, 'TAT': 4, 'ATG': 2, 'TGC': 6, 'GCG': 5, 'CGG': 3, 'CGC': 2, 'GCT': 2, 'ATT': 2, 'TCA': 2, 'CAA': 2, 'AAC': 3, 'ACG': 3, 'TTG': 4, 'GCC': 3, 'CCG': 2, 'CGT': 2, 'GTC': 2, 'AAA': 3, 'AAG': 2, 'AGC': 2, 'ACC': 2, 'CGA': 3, 'GAA': 3, 'TGA': 3, 'GAC': 3, 'CTT': 2, 'CCT': 2, 'CTG': 4, 'ACT': 2}",104,2
seq38,GAAGGACAAATCATTACTCAGCTGTACTAATCGACTCGCTGTAAGACTGCGAGTCGCAACCGTGTGTCTGCTCCAACACTCTGTTAGGTCTCACCCCTAGCTAGCATGAAAATTCAGCCTGAAGGCTCCTTTACTCGCCCTATGCTTTCCAGTGTACTCTA,48.4472049689441,"{'GAA': 3, 'AAG': 3, 'AGG': 3, 'GAC': 3, 'ACA': 2, 'CAA': 3, 'AAA': 3, 'AAT': 3, 'ATC': 2, 'TCA': 4, 'CAT': 2, 'ATT': 2, 'TTA': 3, 'TAC': 4, 'ACT': 7, 'CTC': 8, 'CAG': 3, 'AGC': 4, 'GCT': 6, 'CTG': 6, 'TGT': 6, 'GTA': 3, 'CTA': 5, 'TAA': 2, 'TCG': 4, 'CGA': 2, 'CGC': 3, 'TGC': 3, 'AGT': 2, 'GTC': 3, 'GCA': 2, 'AAC': 2, 'ACC': 2, 'GTG': 3, 'TCT': 4, 'TCC': 3, 'CCA': 2, 'CAC': 2, 'TAG': 3, 'CCC': 3, 'CCT': 4, 'ATG': 2, 'TGA': 2, 'TTC': 2, 'GCC': 2, 'CTT': 2, 'TTT': 2}",161,0
seq39,CGGTCTCTCGATGCAAAAACGCACCGCTTCTCCACCACACTGGAAAGCAGAGGGCAAGGCCACCCTCGATAAAAAATACATACCCACCATTTCCGGTTAGTAGTCTCCCGCAGGAGTCCACTGATTGGTCTGAATTCTTTGCTATCTGTACC,50.6578947368421,"{'CGG': 2, 'GGT': 3, 'GTC': 4, 'TCT': 7, 'CTC': 5, 'TCG': 2, 'CGA': 2, 'GAT': 3, 'TGC': 2, 'GCA': 5, 'CAA': 2, 'AAA': 8, 'CGC': 3, 'CAC': 7, 'ACC': 6, 'CCG': 3, 'GCT': 2, 'CTT': 2, 'TTC': 3, 'TCC': 4, 'CCA': 6, 'ACA': 2, 'ACT': 2, 'CTG': 4, 'TGG': 2, 'GGA': 2, 'GAA': 2, 'AAG': 2, 'CAG': 2, 'GAG': 2, 'AGG': 3, 'GGC': 2, 'CCC': 3, 'ATA': 3, 'AAT': 2, 'TAC': 3, 'CAT': 2, 'ATT': 3, 'TTT': 2, 'TAG': 2, 'AGT': 3, 'GTA': 2, 'TGA': 2, 'TTG': 2}",152,0
seq40,TCCAGCTGCGCTCGGCACATGCTGCTGTCCTTATCAAAAGTGAGGGTCTCGCCAAGGTCCACGTCCGACTGATTTCCAAATGTAAGGTAGAGGCATGGTTCACTCTTGTCATCCTGCCAGACTGCCCGGAAGTGAGAGGGCAATCCGCCTGTCTTGTTCATTGCCACAGGTTACGCAAGCAGCAC,54.59459459459459,"{'TCC': 7, 'CCA': 6, 'CAG': 4, 'AGC': 3, 'GCT': 4, 'CTG': 7, 'TGC': 6, 'CGC': 4, 'CTC': 3, 'TCG': 2, 'CGG': 2, 'GGC': 3, 'GCA': 6, 'CAC': 5, 'ACA': 2, 'CAT': 4, 'ATG': 3, 'TGT': 5, 'GTC': 6, 'CCT': 3, 'CTT': 3, 'TTA': 2, 'ATC': 3, 'TCA': 4, 'CAA': 5, 'AAA': 3, 'AAG': 5, 'AGT': 2, 'GTG': 2, 'TGA': 3, 'GAG': 4, 'AGG': 6, 'GGG': 2, 'GGT': 5, 'TCT': 3, 'GCC': 5, 'ACG': 2, 'CCG': 3, 'GAC': 2, 'ACT': 3, 'ATT': 2, 'TTC': 3, 'AAT': 2, 'GTA': 2, 'AGA': 3, 'GTT': 3, 'TTG': 3}",185,0
seq41,CTCTTTCCTAATTAAATTCCCATCGGGTAGACTTCAATGACTGTTCCTAGATCTGACAGAAACATTACCA,38.57142857142858,"{'TCT': 2, 'CTT': 2, 'TTC': 4, 'TCC': 3, 'CCT': 2, 'CTA': 2, 'TAA': 2, 'AAT': 3, 'ATT': 3, 'TTA': 2, 'AAA': 2, 'CCA': 2, 'CAT': 2, 'ATC': 2, 'TAG': 2, 'AGA': 3, 'GAC': 3, 'ACT': 2, 'TGA': 2, 'CTG': 2, 'ACA': 2}",70,1
seq42,GTGCTGAGAAGCCGGCGAGGAAAAGCGTATCACCAGGCCGGCCCGCACGTCCTGAAGTTAGTTGAGTCGGATGCGGCCGAAGGAAGTAGTGGTTCCAGCACAACTTCGAGAACGGGTGAAT,57.85123966942148,"{'GTG': 3, 'TGC': 2, 'CTG': 2, 'TGA': 4, 'GAG': 4, 'AGA': 2, 'GAA': 7, 'AAG': 5, 'AGC': 3, 'GCC': 4, 'CCG': 4, 'CGG': 5, 'GGC': 4, 'GCG': 3, 'CGA': 3, 'AGG': 3, 'GGA': 3, 'AAA': 2, 'CGT': 2, 'GTA': 2, 'CAC': 3, 'CCA': 2, 'CAG': 2, 'GCA': 2, 'ACG': 2, 'GTC': 2, 'TCC': 2, 'AGT': 5, 'GTT': 3, 'TAG': 2, 'TCG': 2, 'GGT': 2, 'TTC': 2, 'AAC': 2}",121,2
seq43,TTTTGTGGCTCAGGGCGAGGGACGCAGATCCTATACTTAATTACTCCCGTGCACTAAGTCGGGAGTTCGCAATCGCAAGCACGTACGCCTAGTCATTCGGGTGGTGTAAAACCACTCAGAATGGGAGCCCAGAACGACCTAAGAGCGGTCCTGATTTGTGTGTGAATAGAT,50.877192982456144,"{'TTT': 3, 'TTG': 2, 'TGT': 5, 'GTG': 7, 'TGG': 3, 'GGC': 2, 'CTC': 3, 'TCA': 3, 'CAG': 4, 'AGG': 2, 'GGG': 5, 'GCG': 2, 'CGA': 2, 'GAG': 4, 'GGA': 3, 'GAC': 2, 'ACG': 4, 'CGC': 4, 'GCA': 5, 'AGA': 5, 'GAT': 3, 'ATC': 2, 'TCC': 3, 'CCT': 4, 'CTA': 4, 'ATA': 2, 'TAC': 3, 'ACT': 4, 'TTA': 2, 'TAA': 4, 'AAT': 4, 'ATT': 3, 'CCC': 2, 'CGT': 2, 'CAC': 3, 'AAG': 3, 'AGT': 3, 'GTC': 3, 'TCG': 4, 'CGG': 3, 'TTC': 2, 'CAA': 2, 'AGC': 3, 'GTA': 2, 'GCC': 2, 'TAG': 2, 'GGT': 3, 'AAA': 2, 'AAC': 2, 'ACC': 2, 'CCA': 2, 'GAA': 3, 'TGA': 2}",171,0
seq44,ATTATCGTTGCGTACCCCTCCCAGCTCACAGTGGTTTTCGAGTACACTTCCGTAGCGGGTCGAGCCATCGCCGCAAGGATAAGGACCCCAATGACGATTATTAAAACGTAAATACAAGAAAGCACTAGGTTAATCGATTTGCGATGGTAGACCGGTAGAGCACTCTTCTTGGTTGATTTCTACTCATT,46.27659574468085,"{'ATT': 6, 'TTA': 4, 'TAT': 2, 'ATC': 3, 'TCG': 5, 'CGT': 4, 'GTT': 4, 'TTG': 4, 'TGC': 2, 'GCG': 3, 'GTA': 6, 'TAC': 4, 'ACC': 3, 'CCC': 5, 'CTC': 4, 'TCC': 2, 'CCA': 3, 'CAG': 2, 'AGC': 5, 'TCA': 2, 'CAC': 4, 'ACA': 3, 'AGT': 2, 'TGG': 3, 'GGT': 6, 'TTT': 4, 'TTC': 4, 'CGA': 5, 'GAG': 3, 'ACT': 4, 'CTT': 3, 'CCG': 3, 'TAG': 4, 'CGG': 2, 'GCC': 2, 'CAT': 2, 'CGC': 2, 'GCA': 3, 'CAA': 3, 'AAG': 4, 'AGG': 3, 'GGA': 2, 'GAT': 5, 'ATA': 2, 'TAA': 4, 'GAC': 3, 'AAT': 3, 'ATG': 2, 'TGA': 2, 'ACG': 2, 'AAA': 4, 'AGA': 3, 'CTA': 2, 'TCT': 3}",188,0
seq45,GCCTCCTTGGAGAGCCTGGCCGTCCACCTATGCTGCGTATCGTTAAGTGGCGGACCCAAGTCAGGGTGGTTTGGGATACGCAATGACCTAATATACGATC,55.00000000000001,"{'GCC': 3, 'CCT': 5, 'TCC': 2, 'TTG': 2, 'TGG': 5, 'GGA': 3, 'GAG': 2, 'CTG': 2, 'GGC': 2, 'CGT': 3, 'GTC': 2, 'CCA': 2, 'ACC': 3, 'CTA': 2, 'TAT': 3, 'ATG': 2, 'TGC': 2, 'GCG': 2, 'ATC': 2, 'GTT': 2, 'TAA': 2, 'AAG': 2, 'AGT': 2, 'GTG': 2, 'GAC': 2, 'CAA': 2, 'GGG': 2, 'GGT': 2, 'GAT': 2, 'ATA': 3, 'TAC': 2, 'ACG': 2, 'AAT': 2}",100,2
seq46,TTGGGAGCATAGGGGTGGAACCAGAACCCTGACCCCGGAGCTTAGGCACGCTTTTTGGTGCATTAGGGTGGACTAACTTTGATACCACTTCTGTCCGAGCGACGAGAGTCTCTATCACAAATTTTGG,51.181102362204726,"{'TTG': 4, 'TGG': 5, 'GGG': 4, 'GGA': 4, 'GAG': 5, 'AGC': 3, 'GCA': 3, 'CAT': 2, 'ATA': 2, 'TAG': 3, 'AGG': 3, 'GGT': 3, 'GTG': 3, 'GAA': 2, 'AAC': 3, 'ACC': 4, 'CCA': 2, 'AGA': 2, 'CCC': 3, 'CTG': 2, 'TGA': 2, 'GAC': 3, 'CCG': 2, 'GCT': 2, 'CTT': 4, 'TTA': 2, 'CAC': 3, 'ACG': 2, 'TTT': 6, 'ATT': 2, 'ACT': 3, 'CTA': 2, 'TCT': 3, 'GTC': 2, 'CGA': 3}",127,2
seq47,CAGCGCCATGCAAGAAACTCTTACAGGGGGCTTAGTCAGCAAGACCATACCTCCCGATTAGGGGCTCCGCTCTCATCCCACCTGGGAATAGTATGAGATAGTCGGTTCCCGCCCCTCCGATTCAGTGGGAACATCCATCCCGACTGGCTACCGAACTTACGAATTGTCTAGC,54.65116279069767,"{'CAG': 4, 'AGC': 3, 'CGC': 3, 'GCC': 2, 'CCA': 4, 'CAT': 5, 'ATG': 2, 'GCA': 2, 'CAA': 2, 'AAG': 2, 'AGA': 3, 'GAA': 5, 'AAC': 3, 'ACT': 3, 'CTC': 6, 'TCT': 3, 'CTT': 3, 'TTA': 4, 'TAC': 4, 'ACA': 2, 'AGG': 2, 'GGG': 7, 'GGC': 3, 'GCT': 4, 'TAG': 5, 'AGT': 4, 'GTC': 3, 'TCA': 3, 'GAC': 2, 'ACC': 4, 'ATA': 3, 'CCT': 3, 'TCC': 7, 'CCC': 6, 'CCG': 6, 'CGA': 5, 'GAT': 3, 'ATT': 3, 'ATC': 3, 'CTG': 2, 'TGG': 3, 'GGA': 2, 'AAT': 2, 'TTC': 2, 'CTA': 2}",172,0
seq48,CGTCCGGGCTCTGCAAGCTAGAACCAGATTACTGATACTTCTCATAAGCCCCGTCCAGGGGAGACATGCGAAACGACCATGAGAAACAGGTGCTGAGCAG,54.0,"{'CGT': 2, 'GTC': 2, 'TCC': 2, 'CCG': 2, 'GGG': 3, 'GCT': 3, 'CTC': 2, 'TCT': 2, 'CTG': 3, 'TGC': 3, 'GCA': 2, 'AAG': 2, 'AGC': 3, 'AGA': 4, 'GAA': 3, 'AAC': 3, 'ACC': 2, 'CCA': 3, 'CAG': 4, 'GAT': 2, 'TAC': 2, 'ACT': 2, 'TGA': 3, 'ATA': 2, 'CAT': 3, 'CCC': 2, 'AGG': 2, 'GAG': 3, 'GAC': 2, 'ACA': 2, 'ATG': 2, 'CGA': 2, 'AAA': 2}",100,2
seq49,GCCGTTCAGATACCTTTTCGTGACTTTCGATGCACACCTGGGTCCCCAGAAGTTTCGACGGGTGCCGAGAAAAGGATGCTAGTTTCCCCCGTGCAGTCACGCC,56.310679611650485,"{'GCC': 3, 'CCG': 3, 'CGT': 3, 'GTT': 3, 'TTC': 5, 'TCA': 2, 'CAG': 3, 'AGA': 3, 'GAT': 3, 'ACC': 2, 'CCT': 2, 'CTT': 2, 'TTT': 5, 'TCG': 3, 'GTG': 3, 'GAC': 2, 'CGA': 3, 'ATG': 2, 'TGC': 4, 'GCA': 2, 'CAC': 3, 'GGG': 2, 'GGT': 2, 'GTC': 2, 'TCC': 2, 'CCC': 5, 'GAA': 2, 'AAG': 2, 'AGT': 3, 'ACG': 2, 'AAA': 2}",103,2
seq50,CATGGTTATTGTTAGTGAAGCTGTATGGCCTTCAAGGCGATTATCCACCTATCTAATCCCGTCGTATGTGAAGTCTGACCGGGGTAGGTCCCTGT,48.421052631578945,"{'ATG': 3, 'TGG': 2, 'GGT': 3, 'GTT': 2, 'TTA': 3, 'TAT': 5, 'ATT': 2, 'TGT': 4, 'TAG': 2, 'AGT': 2, 'GTG': 2, 'TGA': 3, 'GAA': 2, 'AAG': 3, 'CTG': 3, 'GTA': 3, 'GGC': 2, 'CCT': 3, 'AGG': 2, 'ATC': 3, 'TCC': 3, 'ACC': 2, 'CTA': 2, 'TCT': 2, 'CCC': 2, 'CCG': 2, 'CGT': 2, 'GTC': 3, 'GGG': 2}",95,1
seq51,ATATAGATCGAGGGATGGCCCCACACTCTTATCGCTCGGAATAGGGTGATGCTCGTCGACAATAGACGGTTGGCGAACAGGTATGATGCC,52.22222222222223,"{'ATA': 4, 'TAT': 3, 'TAG': 3, 'AGA': 2, 'GAT': 4, 'ATC': 2, 'TCG': 5, 'CGA': 3, 'AGG': 3, 'GGG': 2, 'GGA': 2, 'ATG': 4, 'TGG': 2, 'GGC': 2, 'GCC': 2, 'CCC': 2, 'CAC': 2, 'ACA': 3, 'CTC': 3, 'GCT': 2, 'CGG': 2, 'GAA': 2, 'AAT': 2, 'GGT': 3, 'TGA': 2, 'TGC': 2, 'GAC': 2}",90,1
seq52,GGATAGGTGACCTCCCTGTACGAGGTCCAATACGATTTTTCATAATGGCGATTTGCGCGCGCATTTCGGTTTGGTATTTTCAGCCTATATCCTGTACCTTGTATCGGCGGTCATAACGGTTCAGGTCGACCGGCC,50.37037037037037,"{'GAT': 3, 'ATA': 5, 'AGG': 3, 'GGT': 7, 'GAC': 2, 'ACC': 3, 'CCT': 5, 'TCC': 3, 'CTG': 2, 'TGT': 3, 'GTA': 4, 'TAC': 3, 'ACG': 3, 'CGA': 4, 'GTC': 3, 'AAT': 2, 'ATT': 4, 'TTT': 8, 'TTC': 4, 'TCA': 4, 'CAT': 3, 'TAA': 2, 'TGG': 2, 'GGC': 3, 'GCG': 5, 'TTG': 3, 'CGC': 3, 'TCG': 3, 'CGG': 5, 'GTT': 2, 'TAT': 4, 'CAG': 2, 'GCC': 2, 'ATC': 2}",135,2
seq53,GACTCGGCATAGTATCAATTGATGATAACCGTGAAACTTAGTCAGGACCCGATATACGTAATTTCTCCCATGCCGTCGCGCC,47.5609756097561,"{'GAC': 2, 'ACT': 2, 'CTC': 2, 'TCG': 2, 'CAT': 2, 'ATA': 4, 'TAG': 2, 'AGT': 2, 'GTA': 2, 'TAT': 2, 'TCA': 2, 'AAT': 2, 'ATT': 2, 'TGA': 3, 'GAT': 3, 'ATG': 2, 'TAA': 2, 'AAC': 2, 'ACC': 2, 'CCG': 3, 'CGT': 3, 'GTC': 2, 'CCC': 2, 'GCC': 2, 'CGC': 2}",82,1
seq54,TCGTCTGTTCCCTGAGGTAAAAATCCAGTAGGCGCAGGCTCGTAAAGAGCTTCCACACCTTGTACATGTTTACTCCTCGGTTGCGATATTTGCACTATCTCATATGACTTTTT,44.24778761061947,"{'TCG': 3, 'CGT': 2, 'TCT': 2, 'CTG': 2, 'TGT': 3, 'GTT': 3, 'TTC': 2, 'TCC': 4, 'CCT': 3, 'TGA': 2, 'GAG': 2, 'AGG': 3, 'GGT': 2, 'GTA': 4, 'TAA': 2, 'AAA': 4, 'ATC': 2, 'CCA': 2, 'CAG': 2, 'GGC': 2, 'GCG': 2, 'GCA': 2, 'GCT': 2, 'CTC': 4, 'CTT': 3, 'CAC': 3, 'ACA': 2, 'TTG': 3, 'TAC': 2, 'CAT': 2, 'ATG': 2, 'TTT': 5, 'ACT': 3, 'TGC': 2, 'ATA': 2, 'TAT': 3}",113,2
seq55,CTAAGCACTTCGGCCAAACGAACAGAAGCGTTAGGCGGTACGGCTTAAACAAGCATTCTCCTCTG,50.76923076923077,"{'TAA': 2, 'AAG': 3, 'AGC': 3, 'GCA': 2, 'CTT': 2, 'TTC': 2, 'CGG': 3, 'GGC': 3, 'CAA': 2, 'AAA': 2, 'AAC': 3, 'ACG': 2, 'GAA': 2, 'ACA': 2, 'GCG': 2, 'TTA': 2, 'TCT': 2, 'CTC': 2}",65,1
seq56,CTGAAGTGCAGCGTGCACGCAAAAGATTCGTACACTGTCTATGAGGGTCTGTAAGCGCGGGGGGAACAAGTCACTGCGAGCCGGTAAAATTGAGTCGATCGAGC,53.84615384615385,"{'CTG': 4, 'TGA': 3, 'GAA': 2, 'AAG': 4, 'AGT': 3, 'GTG': 2, 'TGC': 3, 'GCA': 3, 'AGC': 4, 'GCG': 4, 'CGT': 2, 'CAC': 3, 'CGC': 2, 'CAA': 2, 'AAA': 4, 'GAT': 2, 'ATT': 2, 'TCG': 3, 'GTA': 3, 'ACA': 2, 'ACT': 2, 'TGT': 2, 'GTC': 4, 'TCT': 2, 'GAG': 4, 'GGG': 5, 'GGT': 2, 'TAA': 2, 'CGG': 2, 'CGA': 3}",104,2
seq57,GGGTCCGATGAGTGACATTACATTCCATTCGTTGACTAGGGTTGAGCAAGACTAGTTATCGCGTGCATCGTGCTCTACATGTAAAGGGAGTATATAGGCTAGCGTGCCTTTCAACAGCCGAACCTGGGGAGGTATCGGTAAGGCGCCTTCTATCAGGTCTCAATTGGAACCACGCCGCAGGGCTCAA,51.33689839572193,"{'GGG': 6, 'GGT': 5, 'GTC': 2, 'TCC': 2, 'CCG': 3, 'CGA': 2, 'ATG': 2, 'TGA': 4, 'GAG': 4, 'AGT': 3, 'GTG': 4, 'GAC': 3, 'ACA': 4, 'CAT': 5, 'ATT': 4, 'TTA': 2, 'TAC': 2, 'TTC': 4, 'CCA': 2, 'TCG': 4, 'CGT': 4, 'GTT': 3, 'TTG': 3, 'ACT': 2, 'CTA': 5, 'TAG': 4, 'AGG': 7, 'AGC': 3, 'GCA': 3, 'CAA': 4, 'AAG': 3, 'TAT': 5, 'ATC': 4, 'CGC': 4, 'GCG': 3, 'TGC': 3, 'GCT': 3, 'CTC': 3, 'TCT': 3, 'GTA': 4, 'TAA': 2, 'GGA': 3, 'ATA': 2, 'GGC': 3, 'GCC': 4, 'CCT': 3, 'CTT': 2, 'TCA': 4, 'AAC': 3, 'CAG': 3, 'GAA': 2, 'ACC': 2, 'TGG': 2}",187,0
seq58,GACACATCATAGCTTCGCATCACCCGCGTTTCCTCTATTTATATTTGATGAGCACGTAGGAAAGG,44.61538461538462,"{'ACA': 2, 'CAC': 3, 'CAT': 3, 'ATC': 2, 'TCA': 2, 'ATA': 2, 'TAG': 2, 'AGC': 2, 'TTC': 2, 'CGC': 2, 'GCA': 2, 'CGT': 2, 'TTT': 3, 'TAT': 3, 'ATT': 2, 'TGA': 2, 'AGG': 2}",65,1
seq59,AAAGTGTCGGGGGTTTTTCAAGTATACGCGCGGCAAACACGTCGGGTTATCCAGTTGAAAAGGAAGTCGTACACTTTGAGCACTGATCTAGTTCTGAGGGCGGAGCGACATACTTAGTTTTGAACTTCTCGGCAAATCGGGCCGA,48.96551724137931,"{'AAA': 5, 'AAG': 4, 'AGT': 6, 'GTC': 3, 'TCG': 5, 'CGG': 6, 'GGG': 6, 'GGT': 2, 'GTT': 5, 'TTT': 6, 'TTC': 3, 'CAA': 3, 'GTA': 2, 'TAT': 2, 'ATA': 2, 'TAC': 3, 'ACG': 2, 'CGC': 2, 'GCG': 4, 'GGC': 4, 'GCA': 3, 'AAC': 2, 'ACA': 3, 'CAC': 3, 'CGT': 2, 'TTA': 2, 'ATC': 3, 'TTG': 3, 'TGA': 5, 'GAA': 3, 'AGG': 2, 'GGA': 2, 'ACT': 4, 'CTT': 3, 'GAG': 3, 'AGC': 2, 'CTG': 2, 'TCT': 3, 'TAG': 2, 'CGA': 2}",145,2
seq60,CTCGAAAATGGTATCTTCTTAGGTGAACAACTCCGGCCCGTCTCGTGACGGT,51.92307692307693,"{'CTC': 3, 'TCG': 2, 'GAA': 2, 'AAA': 2, 'GGT': 3, 'TCT': 3, 'CTT': 2, 'GTG': 2, 'TGA': 2, 'AAC': 2, 'CCG': 2, 'CGG': 2, 'CGT': 2}",52,1
seq61,GCGCTACGTCCTCTTAGTCATTAATCCCCTGGGGCCAATGACCCATCCAAGTCAGCCTGCCAATTCACTGCACAGACGCTGTGTAAGCCGACCTCCACATCTTTCGTGCCGCTGCTGCAACTTGCAGGGTGACAGATAAAGTGAG,54.48275862068965,"{'CGC': 3, 'GCT': 4, 'ACG': 2, 'CGT': 2, 'GTC': 3, 'TCC': 4, 'CCT': 4, 'CTC': 2, 'TCT': 2, 'CTT': 3, 'TTA': 2, 'AGT': 3, 'TCA': 3, 'CAT': 3, 'ATT': 2, 'TAA': 3, 'AAT': 3, 'ATC': 3, 'CCC': 3, 'CTG': 6, 'GGG': 3, 'GCC': 5, 'CCA': 5, 'CAA': 4, 'TGA': 3, 'GAC': 4, 'ACC': 2, 'AAG': 3, 'CAG': 4, 'AGC': 2, 'TGC': 6, 'TTC': 2, 'CAC': 3, 'ACT': 2, 'GCA': 3, 'ACA': 3, 'AGA': 2, 'TGT': 2, 'GTG': 4, 'CCG': 2}",145,2
seq62,GGACGATCCTTTGCCAGTACTGAGGAGGCCCAAGGTTTATTTCAAGTCTTTGTAGGA,47.368421052631575,"{'GGA': 3, 'CTT': 2, 'TTT': 4, 'TTG': 2, 'GCC': 2, 'CCA': 2, 'AGT': 2, 'GTA': 2, 'GAG': 2, 'AGG': 4, 'CAA': 2, 'AAG': 2}",57,1
seq63,CGGGCGTCATGCCACGTCACGTACTGGACCTGAGCAGCCAGGGTTGTTCTTCCCCATATTGATATAGCCACCGAACTATGTCGCCCAAGTTACCTCGGTTATGTACTTCACGGTCACCCCGGATAAACCCCAACAC,54.41176470588235,"{'CGG': 4, 'GGG': 2, 'CGT': 3, 'GTC': 4, 'TCA': 4, 'CAT': 2, 'ATG': 3, 'GCC': 4, 'CCA': 6, 'CAC': 6, 'ACG': 3, 'GTA': 2, 'TAC': 3, 'ACT': 3, 'CTG': 2, 'GGA': 2, 'ACC': 5, 'CCT': 2, 'TGA': 2, 'AGC': 3, 'CAG': 2, 'GGT': 3, 'GTT': 4, 'TTG': 2, 'TGT': 3, 'TTC': 3, 'CTT': 2, 'CCC': 7, 'ATA': 4, 'TAT': 4, 'GAT': 2, 'CCG': 2, 'AAC': 3, 'TCG': 2, 'CAA': 2, 'TTA': 2}",136,2
seq64,GCAAACCTCGTGGCCAACTCTATGATGCAACTATGTCTAGGAACCCGAGCTCTGTATGTAAACTACCTAGGAACGTACTAACTGGCCTCTTTTCCTATCACTAATGGTTCTTTAAGCCTTAAAAGCGCTCT,44.274809160305345,"{'GCA': 2, 'CAA': 3, 'AAA': 4, 'AAC': 7, 'ACC': 3, 'CCT': 5, 'CTC': 5, 'CGT': 2, 'TGG': 3, 'GGC': 2, 'GCC': 3, 'ACT': 6, 'TCT': 6, 'CTA': 8, 'TAT': 4, 'ATG': 5, 'TGT': 3, 'TAG': 2, 'AGG': 2, 'GGA': 2, 'GAA': 2, 'AGC': 3, 'GCT': 2, 'CTG': 2, 'GTA': 3, 'TAA': 5, 'TAC': 2, 'CTT': 3, 'TTT': 3, 'TTC': 2, 'TTA': 2, 'AAG': 2}",131,2
seq65,GCTAACACAAATTCTTGAAACACTGCCCGTGAGCTTCGTCCATCTCAGGGACTCATCTGCCGGCAACTTTGGAGCGGTGTT,51.85185185185185,"{'GCT': 2, 'AAC': 3, 'ACA': 3, 'CAC': 2, 'CAA': 2, 'AAA': 2, 'TTC': 2, 'TCT': 3, 'CTT': 3, 'TTG': 2, 'TGA': 2, 'ACT': 3, 'CTG': 2, 'TGC': 2, 'GCC': 2, 'CCG': 2, 'CGT': 2, 'GTG': 2, 'GAG': 2, 'AGC': 2, 'CAT': 2, 'ATC': 2, 'CTC': 2, 'TCA': 2, 'GGA': 2, 'CGG': 2}",81,1
seq66,GGTGGCGCCGTACAGTAACGCTTGATCCGTCTTATCAGTAGAGGATTCAGT,50.98039215686274,"{'CGC': 2, 'CCG': 2, 'CGT': 2, 'GTA': 3, 'CAG': 3, 'AGT': 3, 'CTT': 2, 'GAT': 2, 'ATC': 2, 'TCA': 2}",51,1
seq67,TTGGGGGGCCCAATGCACCTACTGTATTTACTGCTCTTTCCACCGCTTTATTTTGGGAAGCGAAGTAAAGTTGTGCATAACCGCAAAGTGAATCAGGTAGGGCTTTGATCGGAGACCCAAGGAAATTGTAAACCGTCATGTCGCCTAACGGCGAGGGCGCCATTAGCCTGGG,50.58139534883721,"{'TTG': 5, 'TGG': 3, 'GGG': 8, 'GGC': 4, 'GCC': 4, 'CCC': 2, 'CCA': 4, 'CAA': 3, 'AAT': 3, 'ATG': 2, 'TGC': 3, 'GCA': 3, 'CAC': 2, 'ACC': 5, 'CCT': 3, 'CTA': 2, 'TAC': 2, 'ACT': 2, 'CTG': 3, 'TGT': 4, 'GTA': 4, 'TAT': 2, 'ATT': 4, 'TTT': 6, 'TTA': 3, 'GCT': 3, 'CTT': 3, 'CCG': 3, 'CGC': 4, 'GGA': 3, 'GAA': 4, 'AAG': 5, 'AGC': 2, 'GCG': 3, 'CGA': 2, 'AGT': 3, 'TAA': 4, 'AAA': 4, 'GTG': 2, 'CAT': 3, 'AAC': 3, 'TGA': 2, 'ATC': 2, 'TCA': 2, 'AGG': 4, 'TAG': 2, 'TCG': 2, 'CGG': 2, 'GAG': 2, 'GTC': 2}",172,0
seq68,GACACTTGCGGCTCCACACCGTCCTTCTCATCTTCTAACTTTGCCCTAAGCAAATCGGAACAAGGTTTCAGCCAACCCGAAGCATCGATCTCCACTGTACAGGTAGATTAAATATCAAATTTAAAAACGTTTCAAGCGGACGGTGCGGGTGTGATGCGCTGTTCGAAGGGAAAGGACTTTTTGATTGTCACCCTTCAATG,46.5,"{'GAC': 3, 'ACA': 4, 'CAC': 5, 'ACT': 4, 'CTT': 6, 'TTG': 4, 'TGC': 4, 'GCG': 4, 'CGG': 5, 'GCT': 2, 'CTC': 3, 'TCC': 3, 'CCA': 3, 'ACC': 3, 'CCG': 2, 'CGT': 2, 'GTC': 2, 'CCT': 3, 'TTC': 6, 'TCT': 4, 'TCA': 6, 'CAT': 2, 'ATC': 5, 'CTA': 2, 'TAA': 4, 'AAC': 4, 'TTT': 7, 'GCC': 2, 'CCC': 3, 'AAG': 6, 'AGC': 4, 'GCA': 2, 'CAA': 6, 'AAA': 7, 'AAT': 4, 'TCG': 3, 'GGA': 4, 'GAA': 4, 'AGG': 4, 'GGT': 4, 'GTT': 3, 'CAG': 2, 'CGA': 3, 'GAT': 4, 'CTG': 2, 'TGT': 4, 'GTA': 2, 'ATT': 3, 'TTA': 2, 'ACG': 2, 'GTG': 3, 'GGG': 2, 'TGA': 2, 'ATG': 2}",200,0
seq69,GGACGTCACTCACGGGCAGGCTTGGACGGGTCAAGCGATTGGGCATCCCACGGAGCAAATCTTGAGAGTCATCGTTATACTATGCAGGCCTGAATCGA,55.10204081632652,"{'GGA': 3, 'GAC': 2, 'ACG': 4, 'CGT': 2, 'GTC': 3, 'TCA': 4, 'CAC': 3, 'ACT': 2, 'CGG': 3, 'GGG': 3, 'GGC': 4, 'GCA': 4, 'CAG': 2, 'AGG': 2, 'CTT': 2, 'TTG': 3, 'TGG': 2, 'CAA': 2, 'AGC': 2, 'CGA': 2, 'CAT': 2, 'ATC': 4, 'GAG': 3, 'AAT': 2, 'TGA': 2, 'TCG': 2, 'TAT': 2}",98,2
seq70,GTGTATACGATTGCAAAATGCAGGCAACCAAAACCGGTCCCGGATAGTCGTGGACCACCCTCATGTTCCGAGATGATGCCCACTCCTGACACACGTAGAGGGTGTGTCAAGT,52.67857142857143,"{'GTG': 4, 'TGT': 4, 'GTA': 2, 'ATA': 2, 'ACG': 2, 'CGA': 2, 'GAT': 4, 'TGC': 3, 'GCA': 3, 'CAA': 4, 'AAA': 4, 'ATG': 4, 'AGG': 2, 'AAC': 2, 'ACC': 4, 'CCA': 3, 'CCG': 3, 'CGG': 2, 'GGT': 2, 'GTC': 3, 'TCC': 3, 'CCC': 3, 'GGA': 2, 'TAG': 2, 'AGT': 2, 'CGT': 2, 'GAC': 2, 'CAC': 4, 'CCT': 2, 'CTC': 2, 'TCA': 2, 'GAG': 2, 'AGA': 2, 'TGA': 2, 'ACA': 2}",112,2
seq71,CACTAACATTTGCTCTGTTGGAAGGGAGAAGCAACAGGCATGCCTTTATCGAGACAAAGTGTAGGCCAACAAGAGTCGACTCCTAATCTAGGGACTGGGTTAGTGGCGGACCGGGCGACGTTGAATTGGTCAGGGAAGAGTGCACCGC,52.702702702702695,"{'CAC': 2, 'ACT': 3, 'CTA': 3, 'TAA': 2, 'AAC': 3, 'ACA': 4, 'CAT': 2, 'ATT': 2, 'TTT': 2, 'TTG': 4, 'TGC': 3, 'CTC': 2, 'TCT': 2, 'CTG': 2, 'TGT': 2, 'GTT': 3, 'TGG': 4, 'GGA': 5, 'GAA': 4, 'AAG': 5, 'AGG': 5, 'GGG': 5, 'GAG': 4, 'AGA': 4, 'GCA': 3, 'CAA': 4, 'CAG': 2, 'GGC': 4, 'GCC': 2, 'CCT': 2, 'TTA': 2, 'ATC': 2, 'TCG': 2, 'CGA': 3, 'GAC': 5, 'AGT': 4, 'GTG': 3, 'TAG': 3, 'GTC': 2, 'AAT': 2, 'GGT': 2, 'GCG': 2, 'CGG': 2, 'ACC': 2, 'CCG': 2}",148,0
seq72,CGTTGAGCTAAGATCGACGGTTCGGAGCGTCCGGTTGCGTTAAATTGTGACATTGGATGCTAGACCGTTAGGTACAATGTCTGTACAGACTACTAGTGATAGAGGACGTTGATAGGGAATTGTTGTACGTATCG,46.26865671641791,"{'CGT': 6, 'GTT': 7, 'TTG': 7, 'TGA': 4, 'GAG': 3, 'AGC': 2, 'GCT': 2, 'CTA': 4, 'TAA': 2, 'AGA': 4, 'GAT': 4, 'ATC': 2, 'TCG': 3, 'GAC': 5, 'ACG': 3, 'CGG': 3, 'GGT': 3, 'GGA': 4, 'GCG': 2, 'GTC': 2, 'CCG': 2, 'TGC': 2, 'TTA': 2, 'AAT': 3, 'ATT': 3, 'TGT': 5, 'GTG': 2, 'ACA': 3, 'ATG': 2, 'TAG': 5, 'AGG': 3, 'GTA': 4, 'TAC': 4, 'ACT': 2, 'ATA': 2}",134,2
seq73,AGACAGTGCTTTTTTGAGCGGTTATCGATATTTCATTGAATAGAGCCAAGACAGATTATTCTTGTCCATTACTCGGCCTTCAATCCACAG,40.0,"{'AGA': 4, 'GAC': 2, 'ACA': 3, 'CAG': 3, 'CTT': 3, 'TTT': 5, 'TTG': 3, 'TGA': 2, 'GAG': 2, 'AGC': 2, 'CGG': 2, 'TTA': 3, 'TAT': 3, 'ATC': 2, 'TCG': 2, 'GAT': 2, 'ATA': 2, 'ATT': 5, 'TTC': 3, 'TCA': 2, 'CAT': 2, 'AAT': 2, 'GCC': 2, 'CCA': 3, 'CAA': 2, 'TCC': 2}",90,1
seq74,TAGGGAGTGACTCATACGGTAAGTAGCTGGATTGCCCCAGTCGGAAAAATTTTTCAGGCTGAACAACGCCTTACGGTTCTTAGTTTGTCGAGTAATCTCTCTGCATACTAAATTGCTGATCCCTGTACCCAAAGTACGTCCTGCCCAGTGAGATACGGCAGATTAG,46.3855421686747,"{'TAG': 4, 'AGG': 2, 'GGA': 3, 'GAG': 3, 'AGT': 7, 'GTG': 2, 'TGA': 4, 'ACT': 2, 'CTC': 3, 'TCA': 2, 'CAT': 2, 'ATA': 3, 'TAC': 6, 'ACG': 5, 'CGG': 4, 'GGT': 2, 'GTA': 5, 'TAA': 3, 'AAG': 2, 'GCT': 3, 'CTG': 6, 'GAT': 4, 'ATT': 4, 'TTG': 3, 'TGC': 4, 'GCC': 3, 'CCC': 5, 'CCA': 3, 'CAG': 4, 'GTC': 3, 'TCG': 2, 'GAA': 2, 'AAA': 5, 'AAT': 3, 'TTT': 4, 'TTC': 2, 'GGC': 2, 'AAC': 2, 'CAA': 2, 'CCT': 3, 'CTT': 2, 'TTA': 3, 'GTT': 2, 'TCT': 4, 'TGT': 2, 'ATC': 2, 'GCA': 2, 'TCC': 2, 'AGA': 2}",166,0
seq75,TTTTGAACGCCATATTCTACGAGTGACAAACGCCAAGCGAAGTTCTAGCGTGTT,44.44444444444444,"{'TTT': 2, 'TGA': 2, 'GAA': 2, 'AAC': 2, 'ACG': 3, 'CGC': 2, 'GCC': 2, 'CCA': 2, 'TTC': 2, 'TCT': 2, 'CTA': 2, 'CGA': 2, 'AGT': 2, 'GTG': 2, 'CAA': 2, 'AAG': 2, 'AGC': 2, 'GCG': 2, 'GTT': 2}",54,1
seq76,GTTATTTTTTCTGGCCATGTAGATGCAATAGTAAGCGAACGTTACAAAGCGCTAGCCTCTTCCACAGAGGTATAGATGTGGAGACTCACGAAGAGCCAAGTTTAACCTGTCATACTGTGCAATTAATAACCCTAGCCAT,42.44604316546763,"{'GTT': 3, 'TTA': 4, 'TAT': 2, 'ATT': 2, 'TTT': 5, 'TTC': 2, 'TCT': 2, 'CTG': 3, 'TGG': 2, 'GCC': 4, 'CCA': 4, 'CAT': 3, 'ATG': 3, 'TGT': 4, 'GTA': 3, 'TAG': 5, 'AGA': 5, 'GAT': 2, 'TGC': 2, 'GCA': 2, 'CAA': 4, 'AAT': 3, 'ATA': 4, 'AGT': 2, 'TAA': 4, 'AAG': 4, 'AGC': 5, 'GCG': 2, 'CGA': 2, 'GAA': 2, 'AAC': 3, 'ACG': 2, 'TAC': 2, 'ACA': 2, 'CTA': 2, 'CCT': 3, 'CTC': 2, 'CAC': 2, 'GAG': 3, 'GTG': 2, 'ACT': 2, 'TCA': 2, 'ACC': 2}",139,2
seq77,GAACTGCGAAGAGGCCGAAGTATGTTTGACGTGTCAAAAAGAGCCCGGTTATCGTGCCGGATGTACAAAGTC,50.0,"{'GAA': 3, 'TGC': 2, 'CGA': 2, 'AAG': 4, 'AGA': 2, 'GAG': 2, 'GCC': 3, 'CCG': 3, 'AGT': 2, 'GTA': 2, 'TAT': 2, 'ATG': 2, 'TGT': 3, 'GTT': 2, 'CGT': 2, 'GTG': 2, 'GTC': 2, 'CAA': 2, 'AAA': 4, 'CGG': 2}",72,1
seq78,CCATAACCCAAGGGCGCTACGTTCTGGGTGGCTGTCAGACAGCGTAGAGGTTTACATTACCGGGGGGATCCCCCGGTCTTCGACCTCAATCAGTACGGCTGACCTGCCGCACGTAAGGCTT,58.67768595041323,"{'CCA': 2, 'CAT': 2, 'TAA': 2, 'ACC': 4, 'CCC': 4, 'CAA': 2, 'AAG': 2, 'AGG': 3, 'GGG': 6, 'GGC': 4, 'GCG': 2, 'CGC': 2, 'GCT': 4, 'TAC': 4, 'ACG': 3, 'CGT': 3, 'GTT': 2, 'TTC': 2, 'TCT': 2, 'CTG': 4, 'TGG': 2, 'GGT': 3, 'GTC': 2, 'TCA': 3, 'CAG': 3, 'AGA': 2, 'GAC': 3, 'ACA': 2, 'GTA': 3, 'TTA': 2, 'CCG': 3, 'CGG': 3, 'ATC': 2, 'CTT': 2, 'CCT': 2}",121,2
seq79,CTGCTTGGTTTTAATTTCAGGAAACTGTGCTTAAAGGGATATAGTTCGTTAGGAAGCTCTCTTCTGCCGTATCGT,41.333333333333336,"{'CTG': 3, 'TGC': 3, 'GCT': 3, 'CTT': 3, 'GTT': 3, 'TTT': 3, 'TTA': 3, 'TAA': 2, 'TTC': 3, 'AGG': 3, 'GGA': 3, 'GAA': 2, 'AAA': 2, 'AAG': 2, 'ATA': 2, 'TAT': 2, 'TAG': 2, 'TCG': 2, 'CGT': 3, 'CTC': 2, 'TCT': 3}",75,1
seq80,TCCATGTACGATACCACGGCATACCACAAGCATATGCGAGGCCACGCCGCGCGGTGAGAATCCTGCCTTACCAGATAGCCCACACACTGTTCGGCTGAGATGGCGAACTTAGCGCCATTACGGCACAGTATACACCATATGCACAGATTAACTGGAATCCCAGTGTTGCACCA,53.179190751445084,"{'TCC': 3, 'CCA': 10, 'CAT': 5, 'ATG': 4, 'TGT': 3, 'GTA': 2, 'TAC': 6, 'ACG': 4, 'CGA': 3, 'GAT': 4, 'ATA': 6, 'ACC': 5, 'CAC': 10, 'CGG': 4, 'GGC': 5, 'GCA': 5, 'ACA': 6, 'AGC': 3, 'TAT': 3, 'TGC': 4, 'GCG': 5, 'GAG': 3, 'GCC': 5, 'CGC': 4, 'GTG': 2, 'TGA': 2, 'AGA': 4, 'GAA': 3, 'AAT': 2, 'ATC': 2, 'CCT': 2, 'CTG': 4, 'CTT': 2, 'TTA': 4, 'CAG': 4, 'TAG': 2, 'CCC': 2, 'ACT': 3, 'GTT': 2, 'TGG': 2, 'AAC': 2, 'ATT': 2, 'AGT': 2}",173,0
seq81,CAGAGATTTTGTGCCACGCTCTTAGACTTTGTAAGGTACTCTGTCAGCTATTGCGATAAAATTGTGGTTAG,40.845070422535215,"{'CAG': 2, 'AGA': 3, 'GAT': 2, 'ATT': 3, 'TTT': 3, 'TTG': 4, 'TGT': 4, 'GTG': 2, 'TGC': 2, 'GCT': 2, 'CTC': 2, 'TCT': 2, 'CTT': 2, 'TTA': 2, 'TAG': 2, 'ACT': 2, 'GTA': 2, 'TAA': 2, 'GGT': 2, 'AAA': 2}",71,1
seq82,TATTCCGGTGCACACTCAGGTCGCGCACTACCTCTTACGCGGAATTAGTTATTTTCGCATTATGCCCACCTCAATTTAATGCGAGTTTTCGCCCACACACTAACCTTAAGCTTGTCCCACCGGATAGCCTTTGTAATGTACTCGACCCGGCAGTGGTGCGTGACATCAATCGGGTGG,50.282485875706215,"{'TAT': 3, 'ATT': 5, 'TTC': 3, 'TCC': 2, 'CCG': 3, 'CGG': 5, 'GGT': 4, 'GTG': 5, 'TGC': 4, 'GCA': 4, 'CAC': 8, 'ACA': 4, 'ACT': 4, 'CTC': 4, 'TCA': 3, 'CAG': 2, 'GTC': 2, 'TCG': 5, 'CGC': 5, 'GCG': 4, 'CTA': 2, 'TAC': 3, 'ACC': 5, 'CCT': 4, 'CTT': 4, 'TTA': 6, 'GGA': 2, 'AAT': 5, 'TAG': 2, 'AGT': 3, 'GTT': 2, 'TTT': 6, 'CAT': 2, 'ATG': 3, 'GCC': 3, 'CCC': 4, 'CCA': 3, 'CAA': 2, 'TAA': 4, 'CGA': 2, 'AGC': 2, 'TTG': 2, 'TGT': 3, 'GTA': 2, 'GAC': 2, 'TGG': 2, 'ATC': 2}",177,0
seq83,ATCCTGTAAATGAAATAGTGAGCAACCTGGAGACAGGTGTTACAAGCCAAATGGTGGAAGTGGCCTGCACGACGAACCTTCGACGCTAAATAGTAATCCCGACAGTAGAAATGTGGGTTTCCGCCCCGTTGATCAACATTCAGA,47.22222222222222,"{'ATC': 3, 'TCC': 3, 'CCT': 4, 'CTG': 3, 'TGT': 3, 'GTA': 3, 'TAA': 3, 'AAA': 5, 'AAT': 6, 'ATG': 3, 'TGA': 3, 'GAA': 4, 'ATA': 2, 'TAG': 3, 'AGT': 4, 'GTG': 5, 'GAG': 2, 'AGC': 2, 'GCA': 2, 'CAA': 4, 'AAC': 3, 'ACC': 2, 'TGG': 5, 'GGA': 2, 'AGA': 3, 'GAC': 4, 'ACA': 4, 'CAG': 3, 'GGT': 3, 'GTT': 3, 'AAG': 2, 'GCC': 3, 'ACG': 3, 'CGA': 4, 'TTC': 3, 'CGC': 2, 'CCC': 3, 'CCG': 3, 'TCA': 2}",144,2
seq84,GATCCTGCAGCACAGGCTGAGCGCCTTTCAAGGTTCACTTTCGAAGTGAACAAGACCGTTATTCCCATATAACCTAGTACTAGTAGGGAGACAGCCACGCGTTTCGCACCCTCTGCTCCTTAACTCGAAGAACCAGAAAACATTCTTGTACTTGCACGTTGCTTAGTAATGA,47.093023255813954,"{'TCC': 3, 'CCT': 5, 'CTG': 3, 'TGC': 4, 'GCA': 4, 'CAG': 4, 'AGC': 3, 'CAC': 5, 'ACA': 4, 'AGG': 3, 'GCT': 3, 'TGA': 3, 'GAG': 2, 'GCG': 2, 'CGC': 3, 'GCC': 2, 'CTT': 6, 'TTT': 3, 'TTC': 6, 'TCA': 2, 'CAA': 2, 'AAG': 4, 'GTT': 4, 'ACT': 4, 'TCG': 3, 'CGA': 2, 'GAA': 5, 'AGT': 4, 'AAC': 5, 'AGA': 4, 'GAC': 2, 'ACC': 4, 'CGT': 3, 'TTA': 3, 'TAT': 2, 'ATT': 2, 'CCC': 2, 'CCA': 3, 'CAT': 2, 'ATA': 2, 'TAA': 3, 'CTA': 2, 'TAG': 4, 'GTA': 4, 'TAC': 2, 'ACG': 2, 'CTC': 3, 'TCT': 2, 'AAA': 2, 'TTG': 3}",172,0
seq85,TCGCGACTATGTGAAAAAAACCCGTGTAGAACCATTTACTAATGTGATTATTGTCCCTAACGGACAGGTTACGCCGGCTTATTAAACGTGAAACGCACGGGAGGTATAAGGAAGATACCGTATGCTACCTTTGCACACGTCATGGTATTGGTCT,44.15584415584416,"{'CGC': 3, 'GAC': 2, 'ACT': 2, 'CTA': 4, 'TAT': 6, 'ATG': 4, 'TGT': 4, 'GTG': 4, 'TGA': 3, 'GAA': 4, 'AAA': 7, 'AAC': 5, 'ACC': 4, 'CCC': 2, 'CCG': 3, 'CGT': 4, 'GTA': 4, 'AGA': 2, 'CAT': 2, 'ATT': 5, 'TTT': 2, 'TTA': 5, 'TAC': 4, 'TAA': 4, 'GAT': 2, 'TTG': 3, 'GTC': 3, 'CCT': 2, 'ACG': 6, 'CGG': 3, 'GGA': 3, 'ACA': 2, 'AGG': 3, 'GGT': 4, 'GCT': 2, 'CTT': 2, 'GCA': 2, 'CAC': 3, 'ATA': 2, 'AAG': 2, 'TGC': 2, 'TGG': 2}",154,0
seq86,GTCACTTCTCCCCCGCGGTTCGTTCGTAGACCACTACGCCGAGCTAATTCAACTCGCCTGTCTTTAGCGCCTGGAGATTGGTGTCTCTGA,55.55555555555556,"{'GTC': 3, 'TCA': 2, 'CAC': 2, 'ACT': 3, 'CTT': 2, 'TTC': 4, 'TCT': 4, 'CTC': 3, 'CCC': 3, 'CCG': 2, 'CGC': 4, 'GCG': 2, 'GGT': 2, 'GTT': 2, 'TCG': 3, 'CGT': 2, 'TAG': 2, 'AGA': 2, 'CTA': 2, 'GCC': 3, 'GAG': 2, 'AGC': 2, 'ATT': 2, 'CCT': 2, 'CTG': 3, 'TGT': 2, 'TGG': 2}",90,1
seq87,ATTGTGTTGACGGTAGCTGAAATAGCAGCATCACCCAGTACTAGAACAGACTAAAAAATGCACGGAATACACATGATTCCCTCCTGTCGCTCTCGAAAGGTCCGGATGGAACGTATTGGAAGTTTAACTCTCAGCGCATTTTAACACTGAGTGTCGAGTTTCTCAACCGGGGCTAAGGTTCGT,45.90163934426229,"{'ATT': 4, 'TTG': 3, 'TGT': 4, 'GTG': 2, 'GTT': 4, 'TGA': 4, 'GAC': 2, 'ACG': 3, 'CGG': 4, 'GGT': 3, 'GTA': 3, 'TAG': 3, 'AGC': 4, 'GCT': 3, 'CTG': 3, 'GAA': 6, 'AAA': 6, 'AAT': 3, 'ATA': 2, 'GCA': 4, 'CAG': 4, 'CAT': 3, 'TCA': 3, 'CAC': 4, 'ACC': 2, 'CCC': 2, 'AGT': 4, 'TAC': 2, 'ACT': 4, 'CTA': 3, 'AGA': 2, 'AAC': 5, 'ACA': 4, 'TAA': 4, 'ATG': 3, 'GGA': 4, 'GAT': 2, 'TTC': 3, 'TCC': 3, 'CCT': 2, 'CTC': 6, 'GTC': 3, 'TCG': 4, 'CGC': 2, 'TCT': 3, 'CGA': 2, 'AAG': 3, 'AGG': 2, 'CCG': 2, 'TGG': 2, 'CGT': 2, 'TTT': 4, 'TTA': 2, 'GAG': 2, 'GGG': 2}",183,0
seq88,GCCGCTTAGCCTGTTGAAAATGGGAGTTCATGAATAAGACGTCCGCTTATCT,46.15384615384615,"{'GCC': 2, 'CCG': 2, 'CGC': 2, 'GCT': 2, 'CTT': 2, 'TTA': 2, 'GTT': 2, 'TGA': 2, 'GAA': 2, 'AAA': 2, 'AAT': 2, 'ATG': 2}",52,1
seq89,GGCTAGACATCTCATTATCGTCCACTAGTTCTAGGTTGCCTCCTAACAGTCAAGACAGTGTGAGGCGCTTCTGTTCCCGTAAATCCTCGAGCTCATTTAGGATATCCCCCTTCCATTTACGCCCTCAGCCGT,50.0,"{'GGC': 2, 'GCT': 3, 'CTA': 4, 'TAG': 4, 'AGA': 2, 'GAC': 2, 'ACA': 3, 'CAT': 4, 'ATC': 4, 'TCT': 3, 'CTC': 5, 'TCA': 4, 'ATT': 3, 'TTA': 3, 'TAT': 2, 'TCG': 2, 'CGT': 3, 'GTC': 2, 'TCC': 6, 'CCA': 2, 'AGT': 3, 'GTT': 3, 'TTC': 4, 'AGG': 3, 'GCC': 3, 'CCT': 5, 'TAA': 2, 'CAG': 3, 'GTG': 2, 'TGT': 2, 'GAG': 2, 'CGC': 2, 'CTT': 2, 'CCC': 5, 'CCG': 2, 'AGC': 2, 'TTT': 2}",132,2
seq90,CTGATTTCCAACTTTGGAGAGTGGTGGAGTATCGCACAGTGCCCAAACAGGAGGGAAGGGT,52.459016393442624,"{'TTT': 2, 'CCA': 2, 'CAA': 2, 'AAC': 2, 'TGG': 3, 'GGA': 4, 'GAG': 4, 'AGT': 3, 'GTG': 3, 'GGT': 2, 'ACA': 2, 'CAG': 2, 'AGG': 3, 'GGG': 2}",61,1
seq91,TACATAATTACGTGTGATACGTATCTGACCGGCGCCGACCGGCATGCGTACCTCCAACTAGGAGGGATACGTTGTAACGGGAATATTCAATTGTTCCGATTCGTGTACAAC,47.74774774774775,"{'TAC': 6, 'ACA': 2, 'CAT': 2, 'ATA': 4, 'TAA': 2, 'AAT': 3, 'ATT': 4, 'ACG': 4, 'CGT': 5, 'GTG': 3, 'TGT': 4, 'TGA': 2, 'GAT': 3, 'GTA': 4, 'TAT': 2, 'GAC': 2, 'ACC': 3, 'CCG': 4, 'CGG': 3, 'GGC': 2, 'GCG': 2, 'CGA': 2, 'TCC': 2, 'CAA': 3, 'AAC': 3, 'AGG': 2, 'GGA': 3, 'GGG': 2, 'GTT': 2, 'TTG': 2, 'TTC': 3}",111,2
seq92,TCTCTCCATCAGTTTAGCGCGTATGCTCAGGGGCCAAATAATTTTGTATCGATGAGACAGGTTCTCGGGGCTTACGGTGGATGCCGAGCTGACTTGCCGGCGCCGTTTATGTGTTAACAACAACTTATATTCCC,49.25373134328358,"{'TCT': 3, 'CTC': 4, 'TCC': 2, 'CCA': 2, 'ATC': 2, 'TCA': 2, 'CAG': 3, 'GTT': 4, 'TTT': 4, 'TTA': 5, 'AGC': 2, 'GCG': 3, 'CGC': 2, 'CGT': 2, 'GTA': 2, 'TAT': 5, 'ATG': 4, 'TGC': 3, 'GCT': 3, 'AGG': 2, 'GGG': 4, 'GGC': 3, 'GCC': 4, 'CAA': 3, 'AAT': 2, 'ATA': 2, 'TAA': 2, 'ATT': 2, 'TTG': 2, 'TGT': 3, 'TCG': 2, 'CGA': 2, 'GAT': 2, 'TGA': 2, 'GAG': 2, 'GAC': 2, 'ACA': 3, 'GGT': 2, 'TTC': 2, 'CGG': 3, 'CTT': 3, 'GTG': 2, 'CCG': 3, 'ACT': 2, 'AAC': 3}",134,2
seq93,AAACCTTGCGATCGACAACCGAGTGCGACTGATCAGGTATCAGCCAACTTCCTCACCACGAACCCCTTACCGTGCACAGCTGACCAAGTCCAGTAAACGTTGGTGCATTAGGACAATAAGTACAGGCTGCTTGGCTCACAA,51.06382978723404,"{'AAA': 2, 'AAC': 5, 'ACC': 6, 'CCT': 3, 'CTT': 4, 'TTG': 3, 'TGC': 5, 'GCG': 2, 'CGA': 5, 'GAT': 2, 'ATC': 3, 'GAC': 4, 'ACA': 5, 'CAA': 5, 'CCG': 2, 'AGT': 4, 'GTG': 3, 'ACT': 2, 'CTG': 3, 'TGA': 2, 'TCA': 4, 'CAG': 5, 'AGG': 3, 'GGT': 2, 'GTA': 3, 'AGC': 2, 'CCA': 4, 'TCC': 2, 'CTC': 2, 'CAC': 4, 'ACG': 2, 'CCC': 2, 'TTA': 2, 'TAC': 2, 'CGT': 2, 'GCA': 2, 'GCT': 4, 'AAG': 2, 'TAA': 2, 'TGG': 2, 'GGC': 2}",141,2
seq94,GAACTTAATTGCGAGGTAAAAGAGTAATCGCGGTCACAAGCTACTGCTCTGGTCATAGTAATCTCGCAAAAATTAGGACAGACCC,43.529411764705884,"{'ACT': 2, 'TTA': 2, 'TAA': 4, 'AAT': 4, 'ATT': 2, 'TGC': 2, 'GCG': 2, 'GAG': 2, 'AGG': 2, 'GGT': 3, 'GTA': 3, 'AAA': 5, 'AAG': 2, 'AGA': 2, 'AGT': 2, 'ATC': 2, 'TCG': 2, 'CGC': 2, 'GTC': 2, 'TCA': 2, 'ACA': 2, 'CAA': 2, 'GCT': 2, 'CTG': 2, 'CTC': 2, 'TCT': 2, 'TAG': 2, 'GAC': 2}",85,1
seq95,ATGGGGCTTTCTGTCTAGCACGTTACTATACGGATATATCAGTCGTAGCATATGATAGCTCCATAACCTTATCCCAGGTACGTGACACCGCAAAGAGAGACGCGAACGATCGCTAATAGTATTGG,45.6,"{'ATG': 2, 'TGG': 2, 'GGG': 2, 'GCT': 3, 'CTT': 2, 'TCT': 2, 'GTC': 2, 'CTA': 3, 'TAG': 4, 'AGC': 3, 'GCA': 3, 'CAC': 2, 'ACG': 5, 'CGT': 3, 'TTA': 2, 'TAC': 3, 'TAT': 6, 'ATA': 7, 'GAT': 3, 'ATC': 3, 'CAG': 2, 'AGT': 2, 'TCG': 2, 'GTA': 3, 'CAT': 2, 'TGA': 2, 'TCC': 2, 'CCA': 2, 'TAA': 2, 'AAC': 2, 'ACC': 2, 'GAC': 2, 'CGC': 3, 'AGA': 3, 'GAG': 2, 'CGA': 2}",125,2
seq96,GGTTCAGCCCATACCTTACGTTATACCTGTATACAAGACCCTCGCGAAGCCCAAGGGTCATCTCGCCTTG,52.85714285714286,"{'GGT': 2, 'GTT': 2, 'TCA': 2, 'AGC': 2, 'GCC': 3, 'CCC': 3, 'CCA': 2, 'CAT': 2, 'ATA': 3, 'TAC': 4, 'ACC': 3, 'CCT': 4, 'CTT': 2, 'TTA': 2, 'TAT': 2, 'CAA': 2, 'AAG': 3, 'CTC': 2, 'TCG': 2, 'CGC': 2}",70,1
seq97,AGCTGCCGGGCCAACTTGAAGGCAGTTCTAAAGAAAGAGAGACCTAAAATTATCGCCCCTAGTCGTTTACTTGCACAGAACCAGAGCCACTCCCGACCGGA,51.48514851485149,"{'AGC': 2, 'TGC': 2, 'GCC': 4, 'CCG': 3, 'CGG': 2, 'GGC': 2, 'CCA': 3, 'AAC': 2, 'ACT': 3, 'CTT': 2, 'TTG': 2, 'GAA': 3, 'AAG': 3, 'GCA': 2, 'CAG': 3, 'AGT': 2, 'GTT': 2, 'CTA': 3, 'TAA': 2, 'AAA': 4, 'AGA': 6, 'GAG': 3, 'GAC': 2, 'ACC': 3, 'CCT': 2, 'TTA': 2, 'TCG': 2, 'CCC': 3, 'CAC': 2}",101,2
seq98,GCCATCGGATGCCTGGGCATCTGGGATAAACGCATCGTCCCTAGCATATTCTAGCCTTTTTTACTGATGCTCTTAACGCCAATGCCCGCAATCCCTCGACTCTCTCGAGCACGTCAATACC,52.066115702479344,"{'GCC': 5, 'CCA': 2, 'CAT': 4, 'ATC': 4, 'TCG': 4, 'GGA': 2, 'GAT': 3, 'ATG': 3, 'TGC': 3, 'CCT': 4, 'CTG': 3, 'TGG': 2, 'GGG': 2, 'GCA': 5, 'TCT': 5, 'ATA': 3, 'TAA': 2, 'AAC': 2, 'ACG': 3, 'CGC': 3, 'CGT': 2, 'GTC': 2, 'TCC': 2, 'CCC': 3, 'CTA': 2, 'TAG': 2, 'AGC': 3, 'CTT': 2, 'TTT': 4, 'TTA': 2, 'TAC': 2, 'ACT': 2, 'CTC': 5, 'CAA': 3, 'AAT': 3, 'CGA': 2}",121,2
seq99,GAATTGAGGGCACGCACGCGAGCGATGATTAGCCCAAAGAGACCGGTGCGGATGTGCATTGAAGCTAGGTCCGCAGATTAGAAAATATTGTTGCACAGCTGGCACGTAGAAGCGGTGCGCACGTACAGCATA,53.03030303030303,"{'GAA': 4, 'AAT': 2, 'ATT': 5, 'TTG': 4, 'TGA': 3, 'GAG': 3, 'AGG': 2, 'GGC': 2, 'GCA': 8, 'CAC': 5, 'ACG': 4, 'CGC': 4, 'GCG': 5, 'CGA': 2, 'AGC': 6, 'GAT': 4, 'ATG': 2, 'TTA': 2, 'TAG': 4, 'AAA': 3, 'AAG': 3, 'AGA': 5, 'CCG': 2, 'CGG': 3, 'GGT': 3, 'GTG': 3, 'TGC': 4, 'TGT': 2, 'CAT': 2, 'GCT': 2, 'CAG': 3, 'ATA': 2, 'ACA': 2, 'CGT': 2, 'GTA': 2}",132,2
seq100,CCGGATCCCATTATGACTGTATCCTGTCTTAAACATCCGGAACGTGACGCGTTTACGATAGTACTCCGTTCGGCCTCAGTGCATCTCAGGCTTGCATACCCTAAAACGCTATTTCGTTGCGCCCGAAATGAGGTTTAATGTGTCGTCTAAGCGTATTTATTGTCATGATTATGGTGTGTGAGCA,46.19565217391305,"{'CCG': 4, 'CGG': 3, 'GGA': 2, 'GAT': 3, 'ATC': 4, 'TCC': 4, 'CCC': 3, 'CAT': 5, 'ATT': 5, 'TTA': 6, 'TAT': 6, 'ATG': 5, 'TGA': 5, 'GAC': 2, 'ACT': 2, 'CTG': 2, 'TGT': 7, 'GTA': 3, 'CCT': 3, 'GTC': 4, 'TCT': 3, 'CTT': 2, 'TAA': 4, 'AAA': 4, 'AAC': 3, 'GAA': 2, 'ACG': 4, 'CGT': 6, 'GTG': 6, 'CGC': 3, 'GCG': 3, 'GTT': 4, 'TTT': 4, 'TAC': 3, 'CGA': 2, 'ATA': 2, 'AGT': 2, 'CTC': 3, 'TTC': 2, 'TCG': 3, 'GGC': 2, 'GCC': 2, 'TCA': 3, 'CAG': 2, 'TGC': 3, 'GCA': 3, 'AGG': 2, 'GCT': 2, 'TTG': 3, 'CTA': 3, 'AAT': 2, 'GAG': 2, 'GGT': 2, 'AGC': 2}",184,0
